id,source,destination,airline_id
59051,LEPA,EGFF,491
12570,LFPG,LTBJ,709
17601,LICC,LIRN,5400
16113,GMMN,OMAA,2802
22636,EIDW,LEMG,1824
16670,VOCI,VOTV,1704
10058,EGGD,LTFE,5400
65981,OPST,OMDB,4298
71892,LIPH,EDDW,1825
3317,ESSA,VTBS,3014
4049,KATL,LIRF,1886
39402,WMKK,RJAA,1992
19081,KDCA,KBUF,5638
11622,HECA,LCLK,1218
34622,TR-0043,LTBJ,4117
21157,UUDD,EDDM,1431
22117,KDSM,KDTW,5243
43295,SPIM,EHAM,1886
17432,ZGHA,ZSHC,909
45859,EGCC,GCLP,4365
49883,MMMY,KORD,5397
65426,KSJC,MMGL,2671
33311,KIAH,MMSD,5397
62947,LTFJ,LSZH,3277
565,LTAF,LTBJ,1227
13196,LFPG,EDDH,1886
23147,OMDB,KIAD,4298
38999,HSSS,QA-0001,3840
46708,OOMS,QA-0001,5243
57682,KPHL,KBOS,5418
14497,ZHCC,ZSNJ,896
16109,GMMN,LIMF,2802
64012,KSFO,KMIA,5418
7940,VTBS,RJTT,4075
9545,KBOS,KPDX,5638
54011,KOAK,KCMH,5536
57910,KPHL,KATL,2884
10414,EBBR,DAAG,13
4937,OMAA,OPRN,2884
2663,EHAM,LSGG,2884
65679,TJSJ,KATL,1360
73620,LIPZ,EGLL,5638
19597,VIDP,VABB,1715
53494,RJAA,RKSI,1953
24587,KEWR,KMDW,5099
53201,RJAA,RCKH,4025
57387,LCPH,EGNT,1287
67104,EGSS,LFLL,5400
26927,EDDF,CYYC,561
66462,LBSF,LEBL,440
32970,KIAD,KMSY,1431
47377,KMEM,KHOU,5099
20131,KDFW,KEWR,5418
22219,KDTW,KDEN,5243
43404,LIML,EGLL,2154
38570,ZPPP,ZSSS,886
19675,KDEN,KLIT,5053
64922,WSSS,UUDD,3522
27091,EDDF,FAOR,1533
72010,ZBTJ,ZSNB,4562
70882,ZSJN,ZSWZ,933
10720,LFSB,GCLP,5400
62317,OERK,VOMM,3459
58261,KPHX,KMSP,5032
64361,ZSSS,RJTT,1953
4844,OMAA,EDDF,1431
54747,KORD,KSDF,5638
30098,VVNB,ZSPD,896
22265,KDTW,KMCO,5154
68567,YSSY,KSFO,5397
26784,EDDF,KORD,5397
12424,VECC,WSSS,3522
19727,KDEN,KMKE,5397
2596,EHAM,EDDF,1533
54601,LPPR,EHBK,1825
40767,KLAX,KPHX,5638
14565,ZHCC,ZSWZ,909
10045,EGGD,LEPA,4410
67139,EGSS,LZIB,1825
11749,HECA,EKCH,3910
34993,TR-0043,LEMG,4138
10915,LZIB,LKPR,2107
29876,EDDH,LFSB,1431
55701,ENGM,EPGD,3014
38103,RJBB,RKPK,4791
707,LTBJ,EKCH,4131
27727,MMGL,MMSD,2671
7578,LTFE,EGSS,5400
66324,KSNA,KEWR,5397
76714,CYHZ,CYYT,639
2281,OJAI,LEMD,3704
59225,VDPP,VDSR,479
12672,LFPG,LJLJ,1360
71702,VOTV,VABB,1703
24554,KEWR,LPPT,5418
35000,TR-0043,CYYZ,561
43322,SPIM,KMIA,5638
23808,EGPH,EDDF,1533
48935,RPLL,VVTS,3105
35711,KJFK,KLAS,5243
35934,KJFK,EDDF,1533
15640,KCLT,KLIT,5638
20198,KDFW,EDDF,3704
52203,LFMN,EDDK,1481
26226,ZSFZ,ZSJN,952
39480,WMKK,VYYY,3942
67371,EDDS,LTAC,3277
74650,EYVI,ESSA,3910
28472,ESGG,LFPG,1360
60775,ZSPD,ZGGG,911
4281,KATL,KPWM,5243
29744,ZJHK,ZBTJ,933
17231,EBCI,LEAL,1825
70433,EETN,EDDF,1533
74219,LOWW,LLBG,1851
35337,KJAX,KLGA,5243
71644,LIMF,LSZH,3993
3333,ESSA,LQSA,3014
44525,EGGW,LTBS,491
7829,VTBS,RJAA,1992
63833,KSFB,KMLI,5610
67428,EDDS,LTAI,1426
12784,LFPG,EGPH,1360
22572,EIDW,EGBB,1825
19059,KDCA,KVPS,5638
47801,OIMM,OEDF,1792
37639,RCKH,VVNB,4020
9617,KBOS,KJAX,5243
4364,KATL,KSRQ,1360
36013,KJFK,KATL,5243
2099,DAAG,HECA,1145
10819,LFSB,EKCH,5400
74382,UUWW,ULLI,3370
76058,ZSAM,WSSS,929
75911,ZLXY,ZGKL,909
53803,EDDN,LFPG,1886
6993,LIME,LTFJ,3277
53350,RJAA,WSSS,1992
63005,LTFJ,EKCH,4117
2370,OJAI,HLLT,2000
63500,MDSD,SBGR,398
42046,EGKK,LPPT,3173
50415,EDDM,SBGR,1431
46146,EGCC,KJFK,3071
9476,KBOS,EIDW,5397
2512,EHAM,EDDL,1886
78452,LDZA,LSZH,3958
12230,VOCL,OEDF,1710
18939,KDAY,KDEN,5397
11336,KBWI,KCLE,5536
16215,GMMN,LFPG,1360
40766,KLAX,KPHX,5243
13580,LFPG,KJFK,1360
74604,EYVI,LKPR,1408
21308,UUDD,LEAL,3370
10578,SBBR,SBGL,398
24570,KEWR,EDDL,1533
78130,CYYZ,EPWA,561
8990,SKBO,KMCO,5418
54571,LPPR,LFML,1825
15528,KCLE,KATL,5243
30984,ZSHC,ZBAA,929
47551,MMMX,SBGR,408
2496,EHAM,GCLP,2869
42731,EGLL,MMMX,3704
1930,LEAL,EIDW,1825
47906,KMIA,KTPA,5638
35548,OEJN,WIII,3461
2571,EHAM,LYBE,3484
49981,EDDM,VIDP,1431
4191,KATL,KGSP,4867
31283,VHHH,WMKK,2260
44736,ELLX,LTAI,2236
58872,LEPA,EDDM,1456
72529,EDDT,EGLL,5638
52056,HKJK,FAOR,3597
1396,LEMG,EKCH,3704
58209,KPHX,MMMX,5638
45578,LEMD,KPHL,5418
33313,KIAH,KIAD,5397
41019,KLBB,KDFW,5418
44346,EGGP,EIDW,1825
50574,EDDM,EDDK,1533
56984,ZBAA,EKCH,933
9307,VABB,WSSS,3522
58111,KPHX,KSAT,5099
65008,WSSS,ZSAM,909
8206,LIPE,LFLL,1360
14133,WIII,OMDB,5881
77865,CYYC,KORD,5243
75282,ZSWZ,ZSPD,933
38881,EPKK,EGAA,5400
73248,ZWWW,ZSJN,929
28731,SBGR,MMMX,2530
19182,KDCA,KPWM,5418
7252,EGBB,LEPA,4410
24152,EGNX,TN-0002,4410
64886,WSSS,WMKK,2258
17514,LICC,LFSB,1887
2452,EHAM,LFSB,2884
597,LTBJ,LTCG,3277
77828,CYYC,KEWR,561
55022,KORD,KMSY,3704
31285,VHHH,WMKK,2258
4029,KATL,KMSY,4592
70174,LATI,LIRP,1886
8916,LFBD,LFPG,1886
19398,VIDP,EDDM,1431
30976,ZSHC,ZHCC,1958
40407,KLAS,KSBN,5610
18318,MMUN,KATL,186
75753,ZLXY,ZUGY,4995
25798,KFLL,KMSP,5243
29458,UBBB,LFPG,259
20388,KDFW,TJSJ,5418
44366,EGGP,LIRN,4651
3269,ESSA,ENBR,3910
65343,WSSS,FAOR,173
62179,KRSW,EDDL,1456
70249,HLLT,OJAI,2202
78698,LSZH,ENGM,3958
26791,EDDF,KIAD,1431
53891,EGSH,EGPH,4482
60443,ZSPD,OMAA,912
32194,PHNL,RCTP,4965
2311,OJAI,LFPG,2000
72713,ZBYN,ZSJN,951
44526,EGGW,LTBS,1287
52738,ZSNJ,ZUGY,952
38211,UNKL,ZBAA,3404
10807,LFSB,LTFJ,1227
78723,LSZH,HKJK,5397
30971,ZSHC,ZLXY,933
69128,ZGSZ,ZSHC,912
53377,RJAA,CYYZ,1953
48400,KMKE,KDEN,5536
73325,ZWWW,ZHCC,896
56968,ZBAA,ZYTX,933
10282,EBBR,LFMN,335
45469,LEMD,MMMX,3704
65455,MMSD,MMGL,2671
60910,MMPR,MMMX,4461
47924,KMIA,KDFW,5418
20032,KDFW,KLEX,5418
7984,VTBS,RPLC,3103
26671,EDDF,KEWR,1533
22376,KDTW,ZSPD,909
21955,WADD,WSSS,3522
32581,HEGN,LSGG,5400
1183,LEMG,EBBR,5811
32426,ZYHB,ZBTJ,912
44367,EGGP,LIRN,5400
75309,ZSWZ,ZGKL,909
41611,EDDP,LOWW,1533
67721,UUEE,LFMN,3212
66967,KSTL,KRDU,5099
17139,FACT,FAOR,186
9989,EGGD,LIMC,1728
1175,LEMG,EGGD,1825
57794,KPHL,LFPG,5418
45402,LEMD,UUDD,3346
77631,CYVR,ZSPD,896
5904,LEBL,EGAA,4651
42744,EGLL,HLLT,4485
53475,RJAA,ZYTL,933
64619,ZYTX,ZSNJ,933
52745,ZSNJ,ZGKL,952
12042,ZGGG,ZYHB,952
6466,LYBE,EDDT,3484
27973,SBGL,SBBE,473
58849,LEPA,EGNX,491
51222,LIMC,LYBE,4651
42876,EGLL,SBGR,408
24117,EGNX,LHBP,4365
72330,KTUS,KLAX,5397
5832,LEBL,EDDM,4026
36687,FAJS,VTBS,4048
72655,ZBYN,ZYTX,952
41996,EGKK,LCLK,491
43737,KLIT,KATL,2884
40478,KLAX,KCLT,5418
12246,VOCL,OMSJ,4287
61339,KRDU,KJFK,5418
67868,UUEE,LIPE,3212
48264,KMIA,KATL,5865
15859,KCLT,KSLC,5638
69797,GCTS,EGGD,491
17300,ZGHA,ZLXY,4562
2760,EHAM,LGTS,2869
11976,ZGGG,RKPK,4791
9145,VABB,OMAA,1886
20878,ZYTL,ZBHH,909
3625,LGAV,EVRA,2154
56712,ZBAA,UBBB,259
45896,EGCC,OMDB,184
67537,WARR,WADD,1741
77822,CYYC,EHAM,5243
61447,VDSR,WMKK,2260
5118,KAUS,KATL,5243
52744,ZSNJ,ZGKL,951
52533,RJGG,ZYTL,909
53433,RJAA,VVNB,5872
32936,KIAD,LOWW,244
46260,HKMO,OMDB,3444
9978,EGGD,EDDB,4651
34840,TR-0043,UKOO,2272
8622,YBBN,WMKK,2260
60629,ZSPD,ZJSY,896
25695,EDSB,EDDH,1481
67798,UUEE,UAFM,3212
44544,EGGW,GCLP,491
37238,UKBB,KJFK,4227
77424,CYUL,KLGA,561
44114,DNMM,FAJS,3597
62107,URRP,UUDD,3370
924,YPAD,YBBN,5865
13206,LFPG,LICJ,1317
37663,RCKH,ZSPD,945
74209,LOWW,EDDF,1431
4574,KATL,KDAY,5099
8010,VTBS,FAOR,3597
4236,KATL,KCHS,1886
52778,ZSNJ,ZBHH,896
35789,KJFK,EIDW,5638
66800,SBSV,SBGL,372
18289,MMUN,CYVR,676
75065,EPWA,EDDM,1431
7953,VTBS,WSSS,1218
1412,KAGS,KATL,2884
69174,ZGSZ,RKSI,952
75809,ZLXY,ZSPD,945
30501,LGIR,EGNM,4446
72612,EDDT,LFPG,1431
30871,ZSHC,ZGKL,886
16189,GMMN,UUEE,2802
73003,SEQM,KIAH,5397
41796,KLGA,KORD,5638
45006,LFLL,EIDW,1824
66506,EGHI,LEMG,4482
69554,UTTT,OIIE,1792
14196,WIII,RCTP,4024
68380,TNCM,KJFK,5638
70261,HLLT,HECA,1145
65014,WSSS,ZUGY,4398
62998,LTFJ,LFSB,3277
31263,VHHH,RJBB,1703
4772,OMAA,QA-0001,4300
70204,MMTJ,MMAA,2671
36079,KJFK,KSFO,5243
15612,KCLT,KLAX,5418
35954,KJFK,KOAK,4837
26765,EDDF,LFBO,1218
71369,RCTP,KSEA,5418
43456,LIML,LICC,1886
63979,KSFO,KMCO,5450
51705,MYNN,KDTW,5243
40491,KLAX,KDFW,5154
34844,TR-0043,LQSA,4138
41559,ULLI,EKCH,3910
30559,LGIR,EDDM,1431
16882,EKCH,EGCC,4651
13548,LFPG,LICC,4651
35874,KJFK,KMSY,1533
51313,LIMC,LICC,4651
42638,EGLL,LIML,4485
78237,CYYZ,KDFW,5397
38598,ZPPP,ZUUU,4121
74595,EYVI,EBBR,335
6935,ORBI,LTAC,4138
63191,SCEL,SAEZ,865
40937,EGNM,EHAM,4365
32061,RJTT,VVTS,1992
4568,KATL,KDAY,1360
26793,EDDF,SBGL,1431
66512,EGHI,EGAC,4482
53372,RJAA,ZSNJ,1992
51897,TN-0002,EGKK,4404
57634,KPHL,KDTW,5638
64679,ZYTX,RKPC,909
54881,KORD,KMSY,5397
2134,DAAG,OLBA,13
23058,OMDW,OKBK,2111
69948,GCTS,EGHH,1287
54190,ROAH,RJOO,1984
39976,ZGKL,ZSNB,951
41138,LCLK,EGKK,491
14345,EDDK,EGBB,4482
40824,KLAX,KATL,1360
17919,ZUUU,ZBTJ,922
59774,LKPR,LYBE,3484
20849,ZYTL,ZBTJ,4995
27837,KGEG,KDEN,5053
60404,ZSPD,ZPPP,4290
65243,WSSS,RCTP,3519
20975,LTBS,EGPH,5400
47922,KMIA,KLAS,5638
18377,KCVG,KDFW,5638
47313,YMML,YBBN,186
14861,KCHS,KPHL,5638
16680,VOCI,WSSS,3516
66308,KSNA,KDEN,5099
63513,MDSD,KEWR,5397
76723,CYHZ,MDPC,698
69513,UTTT,VIAR,5834
56927,ZBAA,KSEA,5243
65634,TJSJ,KPBI,4837
4353,KATL,KSDF,5243
36484,FAOR,HAAB,1218
34548,OPRN,EKCH,3071
29929,EDDH,ESSA,1481
68368,TNCM,TFFR,1577
1277,LEMG,EDDM,3014
2671,EHAM,EDDV,2884
22509,EIDW,KEWR,5397
71732,VOTV,VOCI,1704
71145,KTPA,MWCR,826
62954,LTFJ,QA-0001,4117
65126,WSSS,YMML,3522
42051,EGKK,GCLP,4410
75458,ZHHH,RCTP,896
14309,EDDK,EDDT,4485
49426,KMSP,KLAS,5243
4037,KATL,MMMY,1886
32654,KHSV,KDCA,5418
29884,EDDH,EGLL,4485
65414,KSJC,KAUS,5099
4510,KATL,KJAX,2530
44537,EGGW,LTAI,1287
32496,ZYHB,ZUUU,952
60171,MDPC,ULLI,3370
73296,ZWWW,UGTB,909
74186,LOWW,UACC,2069
3576,LGAV,EDDF,1431
49847,MMMY,MMGL,4461
51165,LIMC,EDDL,1481
18295,MMUN,KSFO,5450
45447,LEMD,EIDW,3704
9528,KBOS,EDDF,1431
71288,RCTP,ZPPP,896
10094,EBBR,LDZA,1020
11997,ZGGG,VTBS,909
78241,CYYZ,KBDL,5397
22765,EDDL,EIDW,1824
56616,ZBAA,ZYTL,912
78657,LSZH,KPHL,5418
40669,KLAX,KSTL,5418
52165,LFMN,LIRF,5400
30496,LGIR,LOWW,244
8978,SKBO,KDFW,5638
38032,RJBB,PHNL,1984
59091,LICJ,LFPO,491
22728,EDDL,LTBS,1433
67733,UUEE,LTAI,5530
68359,TNCM,TJSJ,4837
40371,KLAS,KSNA,5536
20184,KDFW,RJAA,2260
61766,EVRA,EDDF,2154
14219,WIII,WSSS,1738
68334,TNCM,KJFK,5418
45017,LFLL,LIMC,1886
76233,ZSAM,ZPPP,909
16585,VTCC,ZBAA,933
6688,OLBA,UUEE,3212
11877,ZGGG,RCTP,912
61559,VYYY,VYMD,5182
70480,LFBO,LFPG,4651
25734,KFLL,KTPA,5099
68783,ZJSY,ZGSZ,952
71975,ZBTJ,ZYHB,929
23848,EGPH,LEPA,491
50447,EDDM,LIRF,1886
49567,KMSP,KSFO,5032
45626,LEMD,LIPE,3704
70539,LFBO,EDDF,1218
38423,ZPPP,VECC,896
27000,EDDF,CYOW,1533
33312,KIAH,KAMA,5397
12757,LFPG,GCTS,5400
18382,KCVG,KLGA,5243
41547,ULLI,URRP,3212
36059,KJFK,KSAN,3184
53279,RJAA,VTBS,4075
33206,KIAH,MMMY,5397
7203,EGBB,LIMC,4482
33782,RKSI,ZYHB,909
67882,UUEE,CYYZ,3212
4293,KATL,KCLT,5638
46958,KMDW,KMCO,5099
42729,EGLL,EGPH,3704
55949,LROP,LOWW,244
63366,LEST,LEMG,3783
3708,KATL,KDCA,5243
62293,OERK,VOCI,3459
61596,VYYY,RKSI,4791
55522,LFPO,LTFJ,3277
15616,KCLT,KAGS,5418
30090,VVNB,RCTP,4025
17956,ZUUU,ZBAA,909
72377,EDDT,EHEH,2869
49242,LFML,EGLL,4485
21482,VTBD,ZHHH,4051
4740,OMAA,OKBK,1886
58135,KPHX,KEWR,5099
37224,UKBB,OMSJ,4287
1897,LEAL,EBBR,1825
60733,ZSPD,RKPK,911
22824,EDDL,EDDM,1431
77686,CYWG,CYEG,561
3243,ESSA,EDDM,3014
22283,KDTW,KMLI,5243
17423,ZGHA,RKPK,3020
39667,ZUGY,ZLXY,909
17235,EBCI,EPMO,1825
52718,ZSNJ,RJBB,1984
40981,EGNM,LIME,1825
60452,ZSPD,KLAX,5243
45963,EGCC,TN-0002,4410
9087,EGHH,LEPA,491
51121,LIMC,DTTA,1886
71438,RCTP,ZGNN,909
23249,OMDB,RPLL,4298
53360,RJAA,LOWW,1953
57360,LCPH,EBBR,5811
55755,ENGM,LFMN,3014
60161,MDPC,SCEL,853
5110,KAUS,KCLT,5638
62750,KSAT,KMDW,5536
55248,EICK,EBBR,1824
48189,KMIA,KATL,1360
63523,MDSD,TJSJ,5022
73144,WAAA,WSSS,3522
63973,KSFO,VHHH,3519
69916,GCTS,EGBB,4446
35853,KJFK,KMIA,5638
49829,KMSY,KDAL,5536
23055,OMDW,UWWW,4299
43370,SPIM,SKBO,853
58352,KPHX,KDEN,5638
629,LTBJ,EGKK,4651
62665,KSAN,KOAK,5099
11353,KBWI,KSAN,5099
18967,KDAY,KATL,5536
45264,VOMM,VOCI,1703
2698,EHAM,LIRP,2869
25185,LIRF,OERK,3459
68878,OISS,OIII,284
45885,EGCC,EDDL,4482
30337,EFHK,EHAM,1886
40653,KLAX,KMSY,2918
21961,WADD,WSSS,184
27417,RJFF,PGUM,5397
10123,EBBR,CYUL,1533
71706,VOTV,OERK,1703
19084,KDCA,KLIT,5638
72082,ZBTJ,ZSHC,909
6425,LYBE,LROP,3486
52485,ZSNB,ZJHK,922
54608,LPPR,EBCI,1825
17093,FACT,FALE,3563
78427,LDZA,EDDT,1431
23127,OMDB,UWWW,3375
65416,KSJC,KSAN,5099
4920,OMAA,VOHS,1711
36123,KJFK,TR-0043,5418
23214,OMDB,EPWA,184
45581,LEMD,GCXO,3704
6757,EGAA,EGGW,5400
41402,ULLI,UNNT,3346
37413,BIKF,EFHK,1245
61966,KRNO,KLAX,5397
71079,KTPA,KPHX,5638
20323,KDFW,KRSW,5099
31543,VHHH,VTSP,4048
33810,RKSI,RJCC,3648
4437,KATL,TJSJ,5536
46544,KMCO,KORD,5418
2125,DAAG,LIMC,13
14932,LIRA,EPWR,1825
11629,HECA,LHBP,1145
903,YPAD,YPPH,5865
23802,EGPH,LIRN,5400
25062,LPFR,EICK,1824
19098,KDCA,CYHZ,5638
74070,LOWW,LFPG,1360
18047,ZUUU,ZSJN,933
3570,LGAV,LYBE,1574
4576,KATL,KTUL,4592
2800,EHAM,KJFK,5243
55936,LROP,UUEE,3212
25103,LPFR,EGHI,4482
3185,ESSA,EGLL,1245
64147,KSFO,KATL,5099
29748,ZJHK,ZGGG,1958
30088,VVNB,ZBAA,909
5676,LEBL,LIBD,4026
12884,LFPG,SAEZ,2884
20618,GOOY,EBBR,335
43408,LIML,LIEE,1886
65420,KSJC,KSNA,5099
42715,EGLL,OMDB,428
3697,LGAV,UGTB,1575
71876,LIPH,EGNX,1825
15806,KCLT,KRDU,5418
41131,LCLK,ULLI,3212
41807,KLGA,KGSP,5243
49520,KMSP,KOAK,5536
43080,EGLL,LLBG,1851
9441,KBOS,KDFW,4837
60507,ZSPD,QA-0001,3184
61452,VDSR,VDPP,3519
43452,LIML,EKCH,3910
23318,OMDB,KATL,5243
68681,YSSY,NZCH,118
52338,EGNT,LEAL,5400
4832,OMAA,LYBE,3486
17749,RJCC,VTBS,4048
59720,LKPR,EDDL,1481
78865,LSZH,UUEE,3212
44163,GCLP,EGGW,1287
4975,OMAA,FAOR,912
46755,OOMS,VOBL,3044
2692,EHAM,EFHK,2260
46622,KMCO,KBMI,5053
25440,LIRF,EFHK,1245
50233,EDDM,EICK,1824
75485,ZHHH,ZSPD,911
11296,KBWI,KSTL,5536
53496,RJAA,VVTS,1992
22790,EDDL,LTAC,1227
77701,CYWG,KORD,5397
47389,KMEM,KATL,2530
24746,KEWR,KSFO,5450
42981,EGLL,KSFO,5243
19419,VIDP,RJAA,1984
29691,EDDV,EDDF,1533
28115,EGPF,GCLP,4410
68849,ZJSY,ZHCC,4562
46718,OOMS,HECA,1145
38208,UNKL,UNNT,4611
54780,KORD,EDDL,3704
22610,EIDW,EVRA,1825
74755,LIPX,EGCC,491
77931,CYYJ,KSFO,561
18280,MMUN,KATL,1360
8317,VOBL,VECC,1715
15324,ZUCK,ZSHC,922
39033,HSSS,OEJN,3459
59227,VDPP,RCTP,4024
65979,OPST,OKBK,3071
13494,LFPG,KSLC,1360
78280,CYYZ,LOWW,1533
6786,EGAA,EGPF,5400
21252,UUDD,LEAL,3783
32602,UKHH,LOWW,244
14490,ZHCC,ZGSZ,933
64868,WSSS,VIDP,1703
43004,EGLL,CYUL,1533
14888,LIRA,LZIB,1825
23767,EGPH,LFLL,5400
72986,SEQM,SBGR,1139
33064,KIAD,KATL,5243
26817,EDDF,SBGR,408
26250,ZSFZ,ZGNN,4290
28004,SBGL,SBGR,473
51961,HKJK,HAAB,4791
40998,EGNM,LGIR,4365
69075,ZGSZ,VTBD,4051
336,DGAA,EGLL,5638
53265,RJAA,ZBAA,3071
29753,ZJHK,ZGGG,952
70643,LLBG,LFPG,1839
20031,KDFW,KLEX,5638
65095,WSSS,LIRF,3522
10959,LHBP,LFSB,5400
26424,EDDF,RJBB,1431
67709,UUEE,LBSF,3212
26064,EDDG,LSZH,2857
49413,KMSP,KDEN,5053
1978,LEAL,EGAA,4651
11539,KCAE,KORD,5397
18050,ZUUU,ZSSS,315
62900,LTFJ,OKBK,3277
29279,LSGG,LIRF,3993
47945,KMIA,EGLL,1245
58500,KPIT,KIAD,5397
67814,UUEE,ZGGG,3212
64519,ZSSS,ZGHA,16
2514,EHAM,EGCC,2884
42323,EGKK,LGIR,491
31680,VTSP,OMAA,1456
34556,OPRN,OEJN,3071
52267,EGNT,EBBR,1728
43052,EGLL,KJFK,3704
8301,VOBL,VOMM,1709
54981,KORD,KPDX,5397
21124,UUDD,OMDB,4298
9290,VABB,VCBI,69
18274,MMUN,UUWW,3370
41023,KLBB,KAUS,5099
66739,SBSV,SBGR,473
57193,YPPH,WADD,1741
75775,ZLXY,ZWWW,886
21651,QA-0001,OBBI,5638
33141,KIAH,EGLL,4485
65625,TJSJ,KCLT,5418
77045,CYOW,KLGA,561
30185,MUHA,MPTO,1031
77983,CYYZ,OEJN,3459
22937,EDDL,EDDH,1456
8701,YBBN,NZAA,173
48855,RPLL,ZGGG,3105
22493,EIDW,OMDB,184
35906,KJFK,LIMC,4485
63443,KSDF,KLAS,5099
47519,MMMX,EDDF,1533
45070,LFLL,DTTA,1287
54614,LPPR,LSZH,3958
31026,ZSHC,ZUCK,952
66933,KSTL,KDCA,5638
69024,ZGSZ,ZSAM,909
35786,KJFK,EIDW,2884
18810,VVDN,VVTS,490
16419,SBCF,SBSV,1749
14566,ZHCC,ZSWZ,1394
67496,WARR,WIII,1719
71444,RCTP,WMKK,79
57035,ZBAA,ZBHH,1958
24714,KEWR,ZSPD,933
70528,LFBO,LIPZ,1360
912,YPAD,WSSS,1218
60710,ZSPD,VTBS,896
53408,RJAA,WIII,1984
36499,FAJS,HECA,1145
2115,DAAG,LFML,1360
72284,DTTA,LFMN,4111
40733,KLAX,MMGL,2918
29323,LSGG,LPPR,1245
60283,RKPK,ZLXY,3020
1825,UAAA,UKBB,4813
78461,LDZA,LFPG,1020
5401,LTAI,EFHK,1245
52060,HKJK,HSSJ,2086
47289,YMML,NZCH,3522
22343,KDTW,ZBAA,896
30015,EDDH,UUEE,3212
48862,RPLL,AYPY,3091
29403,LSGG,KJFK,5397
2792,EHAM,TR-0043,4138
20059,KDFW,KBWI,5638
16827,EKCH,LEMG,4026
66267,KSMF,KORD,5397
53232,RJAA,RKPK,4791
47500,MMMX,KMIA,5418
70884,ZSJN,ZBAA,951
1932,LEAL,EDDL,1456
47586,MMMX,KCLT,5638
66260,KSMF,KDFW,5638
7893,VTBS,VDSR,479
30957,ZSHC,ZSAM,951
65685,TJSJ,KBDL,4837
1031,URSS,LTCG,1227
32555,HEGN,HECA,3413
7957,VTBS,WSSS,3516
33151,KIAH,DNMM,5397
2822,EHAM,KBOS,2884
40272,KLAS,KAMA,5099
22021,EDDC,EDDK,1481
74001,LOWW,EDDH,1456
25248,LIRF,HAAB,1218
77587,CYVR,PHNL,561
16679,VOCI,OMSJ,1711
6480,LYBE,EDDT,1456
33778,RKSI,KSFO,4791
70541,LFBO,LSGG,5400
75003,EPWA,EDDF,3122
9208,VABB,KEWR,1703
29684,EDDV,LIMC,1481
55720,ENGM,LEAL,3910
10397,EBBR,LGIR,5811
74225,LOWW,LGTS,244
70162,LATI,LTFJ,3277
43616,LPPT,LIMC,3173
76190,ZSAM,ZUCK,929
39637,ZUGY,ZPPP,929
22484,EIDW,EPWA,1824
34871,TR-0043,ESGG,3910
72445,EDDT,ENGM,3910
27014,EDDF,LBSF,1431
10379,EBBR,LEPA,5811
29877,EDDH,LFSB,1533
6900,ENBR,LEMG,3014
11996,ZGGG,ZSHC,2884
49186,LFML,EDDM,1533
42784,EGLL,LYBE,3484
28779,SBGR,SBFL,1580
60826,ZSPD,ZYTX,909
74002,LOWW,OJAI,1456
38548,ZPPP,VDSR,896
59016,LEPA,EKCH,1456
17540,LICC,EGGW,4651
39333,WMKK,VOMM,1711
52949,ZGNN,ZPPP,4290
57590,KPHL,EGLL,5638
53344,RJAA,LFPG,1984
68520,YSSY,VHHH,5865
65221,WSSS,VTBS,3519
68224,EDDB,LTAI,1454
77539,CYVR,KSEA,561
13056,LFPG,KORD,1360
29873,EDDH,LSZH,3958
49730,KMSY,KAUS,5099
12188,YSCB,YMML,186
40770,KLAX,KPIT,5418
2357,OJAI,UKBB,2000
65432,KSJC,KLAX,5536
641,LTBJ,ELLX,2236
2833,EHAM,UUEE,3212
42297,EGKK,LEPA,3014
77832,CYYC,MMUN,561
24442,UDYZ,EPWA,3122
20358,KDFW,PHNL,5418
20987,LTBS,EGNT,1287
68842,ZJSY,ZHHH,909
21220,UUDD,UAFM,5685
63901,KSFO,KMSY,5397
51221,LIMC,ELLX,1886
47145,YMML,YSSY,186
49711,KMSY,KIAH,1533
72326,KTUS,KATL,4592
64075,KSFO,KMSP,5243
47315,YMML,YBBN,5638
41675,KLEX,KATL,2884
37184,UKBB,UKOO,4227
29605,LTAJ,LTBJ,4117
64135,KSFO,KATL,1886
33834,KICT,KLAS,5610
11636,HECA,QA-0001,3184
26558,EDDF,LPPT,1533
58486,KPIT,KPHL,5638
62957,LTFJ,LIMC,4138
2860,EHAM,EETN,2884
19654,KDEN,KLGA,5099
22097,EGCN,EPKT,1656
78755,LSZH,KJFK,3958
4039,KATL,MMMY,2530
60895,MMPR,CYVR,698
61785,EVRA,EDDM,1456
63345,LEST,GCLP,3692
45099,LFLL,LKPR,1360
63967,KSFO,CYYJ,561
10825,LFSB,LFBD,4651
15957,VCBI,QA-0001,3824
66736,SBSV,SBGR,419
7928,VTBS,VTSP,4048
10748,LFSB,EDDM,1431
56636,ZBAA,KIAH,5397
22676,FALE,FACT,3597
2687,EHAM,MUHA,2884
45605,LEMD,LSZH,1456
47968,KMIA,SCEL,853
39406,WMKK,EDDF,5638
54019,KOAK,KLAS,5154
13178,LFPG,KPIT,5243
66950,KSTL,KSLC,5243
33352,KIAH,EHAM,2884
63248,SCEL,SAEZ,561
41569,ULLI,LOWW,5397
8176,LIPE,EPWR,1825
56809,ZBAA,ZGNN,933
6063,LEBL,DAAG,3704
72690,ZBYN,ZJSY,952
15828,KCLT,KCMH,5638
54072,UKOO,TR-0043,4813
39711,ZUGY,ZGSZ,16
68443,YSSY,NZCH,184
42085,EGKK,OMDB,4298
71648,LIMF,LICC,1825
64395,ZSSS,ZGGG,896
65908,LGTS,EHAM,2869
77462,CYUL,LSGG,1431
31653,VHHH,FAOR,3597
33678,RKSI,KORD,4791
37207,UKBB,EFHK,4813
16152,CMN,UUEE,3212
43617,LPPT,LIMC,1886
46925,KMDW,KLAS,5536
35457,OEJN,QA-0001,3184
39389,WMKK,RCTP,2260
57797,KPHL,EDDF,1533
10697,LFSB,EBBR,5400
48882,RPLL,RJFF,3104
30553,LGIR,LFML,1575
53455,RJAA,VTBS,5243
60243,MDPC,KATL,5099
78654,LSZH,KSFO,5397
48070,KMIA,KIAH,5397
2725,EHAM,LTFJ,4138
14070,WIII,RJBB,1722
72469,EDDT,LDZA,1020
52805,ZSNJ,EDDF,933
21970,WADD,WARR,1741
39421,WMKK,WIII,1360
45350,LEMD,LIMF,3704
41975,EGKK,KLAS,4592
70740,LLBG,LIRF,1851
7776,VTBS,VYMD,3184
54075,UKOO,TR-0043,5530
65153,WSSS,RJAA,1953
48062,KMIA,KMSP,5418
6655,OLBA,ORMM,2165
40000,ZGKL,ZSHC,933
53058,ZGNN,ZUUU,933
58787,LEPA,UUDD,4026
15543,KCLE,KDAY,5397
31553,VHHH,LLBG,1851
68209,EDDB,LPPT,4651
11009,LHBP,LIRN,1656
71613,KTRI,KCLT,5418
64888,WSSS,WMKK,3522
48003,KMIA,MSLP,5638
49761,KMSY,KMIA,5418
61312,KRDU,KIAH,5397
4208,KATL,KCHA,5243
45814,EGCC,LTBS,4404
49781,KMSY,KHOU,5099
63945,KSFO,KSAN,5450
33034,KIAD,KPWM,5397
52976,ZGNN,ZSSS,911
11963,ZGGG,VVNB,909
55453,LFPO,ENBR,3014
66076,KSLC,KBWI,5243
28189,EGPF,LEPA,5400
66133,KSLC,KOKC,5243
78730,LSZH,ENGM,3910
27734,MMGL,KSMF,2530
35805,KJFK,LEMD,4485
42808,EGLL,EGNT,5638
35486,OEJN,OMDB,3461
33726,RKSI,VTCC,3512
55200,KORD,KDAY,5418
45552,LEMD,GCXO,1886
29327,LSGG,LFPO,4651
9213,VABB,LFPG,1360
76019,ZLXY,ZUUU,2884
21168,UUDD,LIRF,1854
5411,LTAI,LTFJ,4138
55194,KORD,CYYC,561
50326,EDDM,LOWW,1533
34842,TR-0043,UKOO,5530
42617,EGLL,DGAA,5638
20232,KDFW,KCMH,5418
16450,SBCF,SBGL,408
68773,ZJSY,ZHCC,912
15248,ZUCK,ZBNY,896
20234,KDFW,KBHM,5638
1380,LEMG,CMN,2802
24174,EGNX,LCPH,4404
37147,UKBB,USSS,4227
65357,WSSS,VTBS,4048
5916,LEBL,LPPR,3164
23778,EGPH,LMML,1825
52499,ZSNB,ZSAM,909
52750,ZSNJ,ZYTL,909
30485,EFHK,UKBB,4227
67394,EDDS,LTFJ,4117
24528,KEWR,EBBR,335
61553,VYYY,VTBD,4051
78316,CYYZ,CYWG,2884
63011,LTFJ,EDDN,1456
56353,KPBI,KATL,5536
736,HAAB,EGLL,1218
58161,KPHX,KABQ,5638
55388,LFPO,GCLP,4026
63944,KSFO,KOKC,5397
62661,KSAN,KRNO,5099
54761,KORD,CYYZ,561
17964,ZUUU,ZHCC,933
41198,LCLK,EDDF,1533
54855,KORD,MPTO,5397
52580,RJGG,EFHK,1245
15517,KCLE,MDPC,5053
74957,EPWA,ENZV,3014
29031,KGSO,KPHL,5638
4554,KATL,KDAB,2884
24733,KEWR,VHHH,5638
57530,KPHL,KSAT,5418
62817,LTFJ,EDDL,1456
7235,EGBB,EGPF,4482
67536,WARR,WIII,1738
53424,RJAA,VYYY,1953
49903,MMMY,KATL,1360
55474,LFPO,LSGG,5400
63938,KSFO,KPHL,5638
25489,LIRF,LGTS,1886
20834,ZYTL,RJAA,896
10264,EBBR,LIMC,335
6413,LYBE,EDDF,3486
69787,GCTS,EGKK,3014
3328,ESSA,CMN,2802
73651,LIPZ,LICJ,1367
17880,ZUUU,RCTP,933
25533,LIRF,OEJN,3459
53793,EDDN,LEBL,3783
68988,ZGSZ,ZBTJ,912
78226,CYYZ,LIRF,561
30708,ZBHH,RCTP,4024
41690,KLFT,KATL,1360
16992,EKCH,LEPA,1456
72743,ZBYN,ZUCK,896
19193,KDCA,KROC,5418
59940,LIRP,LMML,1825
2471,EHAM,LTAI,3277
7852,VTBS,USSS,3370
73615,LIPZ,EGBB,4446
40350,KLAS,KSMF,5536
22893,EDDL,LIPZ,1887
5941,LEBL,LEAL,4026
53544,RJAA,KBOS,1992
9633,KBOS,CYOW,561
22904,EDDL,EGPF,1431
1818,UAAA,RKSI,4791
62867,LTFJ,LTCG,4138
10461,EBBR,EKCH,335
34758,TR-0043,HEGN,1145
703,LTBJ,LTFJ,4138
34504,OPRN,LIMC,3071
24543,KEWR,EGLL,5243
35585,OEJN,GMMN,3461
3743,KATL,KDFW,5243
75740,ZLXY,ZGGG,952
70515,LFBO,GMMN,2803
7869,VTBS,YPPH,4138
52258,EGNT,ENZV,3910
30092,VVNB,VVTS,1746
47881,KMHT,KBWI,5536
10248,EBBR,LIRF,335
2147,DAAG,LSGG,13
3236,ESSA,UMMS,312
18296,MMUN,KSFO,5397
66758,SBSV,SBCT,408
52518,ZSNB,ZGSZ,909
38628,ZPPP,VVDN,896
41006,EGNM,EGPD,4335
69731,GCXO,LEBL,1825
33310,KIAH,KSJC,5397
3878,KATL,EGCC,4592
74659,EYVI,EETN,1408
58234,KPHX,KDEN,5154
74953,EPWA,LSZH,3958
68361,TNCM,KJFK,5243
73641,LIPZ,ULLI,1869
53515,RJAA,ZUUU,933
70596,LLBG,LFMN,1831
17716,RJCC,RJAA,3059
173,KABQ,KMSP,5243
46634,KMCO,MYNN,265
59867,LIRP,EGGD,4651
72276,DTTA,EDDK,1481
66731,SBSV,SBBR,1580
18169,MMUN,KAUS,5397
2830,EHAM,EDDT,1886
67855,UUEE,CMN,2802
25087,LPFR,EDDH,1481
60690,ZSPD,CYYZ,561
23260,OMDB,ESSA,4298
46593,KMCO,KSAT,5536
13470,LFPG,KIAD,1431
78274,CYYZ,ZSPD,561
68295,EDDB,LSGG,5400
69895,GCTS,UKBB,4227
33558,RKSI,KDFW,5638
12131,ZGGG,ZLXY,896
73643,LIPZ,LFBO,1360
26541,EDDF,QA-0001,1431
38468,ZPPP,ZSJN,4121
9532,KBOS,RJAA,5638
19942,KDEN,KBNA,5397
62879,LTFJ,LTFE,1227
14908,LIRA,EGSS,1825
6118,LEBL,EGFF,3704
23078,OMDW,UKOO,4299
64200,VVTS,LFPG,5872
26556,EDDF,LIML,1886
22211,EDLW,LTBJ,4131
37866,UHHH,ZYHB,3212
78831,LSZH,KBOS,3958
21960,WADD,WSSS,1740
7101,KBHM,KTPA,5536
17498,LICC,LIMF,1886
26234,ZSFZ,ZGGG,912
77965,CYYT,EGLL,1533
68473,YSSY,WADD,186
5152,KAUS,KJFK,5638
40868,KLAX,KSLC,5099
26267,ZSFZ,ZHCC,912
77891,CYYC,KIAH,5397
28117,EGPF,GCLP,1287
41865,KLGA,KATL,5099
2463,EHAM,EGLL,5638
37834,UHHH,UNKL,3212
29740,ZJHK,ZGKL,912
27104,EDDF,KBOS,1431
19598,VIDP,EHAM,2884
25082,LPFR,EGBB,4446
8280,LIPE,EHAM,2884
933,YPAD,YSSY,142
42060,EGKK,EIDW,1824
64672,ZYTX,ZLXY,2884
17399,ZGHA,ZBAA,952
62648,KSAN,RJAA,5638
26881,EDDF,EPPO,1533
54528,LPPR,EGKK,5400
29889,EDDH,EGLL,1456
47400,MMMX,KORD,5397
26872,EDDF,VVNB,5872
21048,UUDD,UNKL,3404
19064,KDCA,KLAS,5418
66351,EINN,EPKK,1825
39417,WMKK,WIII,5881
40497,KLAX,KLAS,5154
32775,VOHS,OMAA,4300
24616,KEWR,LFPG,1533
51307,LIMC,EKCH,5400
11028,LHBP,LSGG,4651
52724,ZSNJ,ZPPP,909
60375,ZSPD,VTBS,886
62105,URRP,ULLI,3212
10572,SBBR,SBSP,1580
49739,KMSY,KBWI,5536
35897,KJFK,LIPZ,1886
46674,OOMS,OMAA,1431
59098,LICJ,EDDT,1886
9566,KBOS,MPTO,5397
51763,SBSG,SBBR,1580
48523,LMML,DTTA,4112
40748,KLAX,KSLC,5418
37382,BIKF,EGPH,4651
28018,SBGL,MPTO,3083
13991,SBSP,SBSV,473
28405,VAGO,VOBL,615
26619,EDDF,LEMD,1533
75965,ZLXY,ZSNJ,952
28673,SBGR,SBBR,1580
13286,LFPG,KCLT,5638
31009,ZSHC,ZJHK,1958
56761,ZBAA,ZLXY,912
8288,VOBL,VIDP,1705
61307,KRDU,KMCO,5099
31839,MMHO,KLAX,5243
27073,EDDF,ZUUU,933
28831,SBGR,SBGL,5397
17335,ZGHA,ZWWW,909
42294,EGKK,LEAL,491
38888,EPKK,LSZH,3129
5886,LEBL,LFPG,5400
13716,RPVM,RPLL,3103
4729,OMAA,HSSS,1886
12748,LFPG,HECA,1145
16794,KCOS,KSFO,5397
75912,ZLXY,ZYHB,922
46712,OOMS,OBBI,4138
29291,LSGG,ESSA,3910
29190,LSGG,EGGD,5400
313,EGPD,ENZV,3910
49538,KMSP,KCLE,5397
62053,KROC,KORD,5638
10450,EBBR,LBSF,440
52198,LFMN,EDDB,4651
17270,KCRP,KIAH,5397
72699,ZBYN,ZBAA,952
3926,KATL,MMMX,2884
20138,KDFW,KMSN,5418
53389,RJAA,ZSHC,933
19791,KDEN,KONT,5099
41567,ULLI,LBBG,440
1767,UAAA,ULLI,3212
20950,LTBS,EGNM,1287
10174,EBBR,EGLL,4485
62175,KRSW,KDTW,5243
72334,KTUS,KLAX,5638
78009,CYYZ,KMCO,5638
60607,ZSPD,ZSFZ,896
18404,KCVG,KFLL,5243
75977,ZLXY,ZSWZ,933
22801,EDDL,KEWR,1431
22725,EDDL,ULLI,1533
11450,MZBZ,KMIA,5418
24859,SAEZ,KMIA,66
75168,NZWN,YMML,184
52464,ZSNB,ZUCK,896
77597,CYVR,RJAA,1984
60070,MPTO,KMIA,5397
71562,ENVA,EKCH,561
66517,EGHI,EGPH,4482
7093,KBHM,KCLT,5418
46558,KMCO,KBHM,5243
13517,LFPG,EKCH,5400
60195,MDPC,SVMI,398
67661,ENZV,ENGM,4048
64253,VVTS,VDPP,3184
12776,LFPG,ZGGG,1360
78143,CYYZ,KATL,698
40084,UWKD,OMDW,4299
46759,OOMS,OIIE,3044
12111,ZGGG,ZSWZ,933
17304,ZGHA,ZUGY,929
17413,ZGHA,ZJHK,912
14545,ZHCC,ZSPD,909
44748,ELLX,EDDT,2236
48615,LMML,LICC,1431
59921,LIRP,ENGM,3014
69145,ZGSZ,ZSFZ,952
54021,KOAK,KBOI,5099
75810,ZLXY,ZSAM,912
38145,RJBB,VVTS,1984
30354,EFHK,LEMD,1245
47790,OIMM,OKBK,2111
6748,EGAA,LCLK,4410
8460,KBMI,KMCO,5053
70622,LLBG,UGTB,1839
43067,EGLL,FAJS,3597
29701,EDDV,LEPA,1426
28116,EGPF,GCLP,491
57672,KPHL,KIAH,5397
15326,ZUCK,ZSHC,952
54187,ROAH,ZBAA,933
18808,VVDN,VDSR,5872
45669,LEMD,LKPR,3704
71040,ENTC,ENBO,3021
56816,ZBAA,RJAA,1984
67175,EGSS,LKPR,5400
1405,LEMG,EGFF,491
25846,KFLL,CYYZ,5243
28536,KGPT,KATL,1886
11271,KBWI,KLIT,5099
17136,FACT,FAJS,186
17069,EKCH,BIKF,4534
20979,LTBS,EDDM,1426
60106,MPTO,SCEL,3083
63756,KSEA,KMDW,5536
67349,EDDS,LIRF,1481
5944,LEBL,LROP,3692
56897,ZBAA,RKPK,912
22016,EDDC,TN-0002,1456
74959,EPWA,LYBE,3122
15117,RKPC,ZSPD,886
68511,YSSY,YSCB,186
6400,LYBE,ESSA,4300
25699,EDSB,LEMG,1825
54977,KORD,KPBI,5638
63119,LTFJ,UKBB,4227
6365,LYBE,LCLK,1656
42093,EGKK,OMDB,184
24894,SAEZ,SBGL,1580
43500,LPPT,EBBR,4026
30508,LGIR,EDDP,1433
33655,RKSI,RJAA,3650
68542,YSSY,NZCH,186
34017,OIIE,TR-0043,4138
70428,EETN,EYVI,2220
40780,KLAX,MMSD,2530
55867,LROP,EGKK,4651
26950,EDDF,LTFJ,4117
24166,EGNX,EGAC,4482
32169,PHNL,CYVR,561
73586,LIPZ,EDDH,5400
45029,LFLL,LEBL,3783
16614,VTCC,VTBS,4485
51715,MYNN,KMIA,5638
44622,EGGW,LIRP,4651
38188,UNKL,UUDD,3346
40426,KLAS,KSNA,5099
35369,KJAX,KJFK,5243
74615,EYVI,EGGP,1825
20829,ZYTL,ZSNJ,896
27137,UAFM,UUDD,1752
5297,LTAI,EBBR,3277
19085,KDCA,KSYR,5638
67063,EGSS,LIMJ,1825
22834,EDDL,LYBE,3486
13048,LFPG,KORD,1431
10049,EGGD,LEPA,5400
22239,KDTW,KLGA,5243
47571,MMMX,KSFO,2530
8096,SVBC,MPTO,1012
64607,ZYTX,RJAA,1984
49611,KMSP,KATL,4867
29826,ZJHK,WSSS,912
24750,KEWR,CYEG,5397
9826,LIBD,EIDW,1825
38024,RJBB,RCTP,1984
64021,KSFO,CYYZ,561
60172,MDPC,EGKK,491
74778,LIPX,EGKK,491
42673,EGLL,EIDW,1824
53814,EDDN,LGTS,1456
11900,ZGGG,ZSNB,909
47932,KMIA,SBBR,5418
15899,KCLT,KDAY,5418
55859,LROP,LIRF,1886
70708,LLBG,UKBB,4227
17308,ZGHA,ZUGY,945
72788,KTYS,KCLT,5638
6093,LEBL,OJAI,2000
73624,LIPZ,LEBL,3783
30533,LGIR,EDDL,1426
46126,EGCC,EKCH,5400
43752,KLIT,KATL,1360
4061,KATL,KFLL,5154
41491,ULLI,EDDF,1533
53445,RJAA,RKPK,3020
30448,EFHK,ZSPD,1245
43870,LJLJ,EDDM,1533
64493,ZSSS,ZUCK,952
48608,LMML,LTFJ,4138
50713,EDDM,ZSPD,933
12702,LFPG,ELLX,1360
30881,ZSHC,ZYTL,952
47902,KMIA,LEMD,1245
45128,LFLL,LICC,1869
61748,EVRA,EDDH,1456
2288,OJAI,OOMS,2000
77444,CYUL,LSGG,561
26710,EDDF,ESSA,3910
64975,WSSS,VOMM,1711
25105,LPFR,EGHH,1825
78085,CYYZ,KDTW,698
56114,UNNT,UAAA,3346
47048,KMDW,KSEA,5099
25503,LIRF,EKCH,5400
6691,OLBA,LGAV,2165
3906,KATL,KMCO,5099
78853,LSZH,HKJK,3958
11251,KBWI,KDFW,5638
77422,CYUL,KIAH,561
17922,ZUUU,ZJSY,1124
64555,ZYTX,RKTU,2722
30043,VVNB,RCKH,4020
51726,MYNN,KCLT,5418
48447,KMKE,KRSW,5536
18155,MMUN,CYYZ,698
15830,KCLT,KCMH,5418
4251,KATL,KCID,1360
41670,KLEX,KORD,5397
4952,OMAA,OJAI,4300
11727,HECA,UUEE,3212
68226,EDDB,LGTS,5400
10471,EBBR,LEMG,335
74280,LOWW,EDDV,1456
57405,LCPH,EGCC,4365
14057,SBSP,SBCT,1580
64415,ZSSS,VHHH,911
69804,GCTS,EBCI,1825
53506,RJAA,TR-0043,1953
29371,LSGG,LEST,4651
15856,KCLT,KIAD,5397
32445,ZYHB,ZHCC,916
49654,UMMS,LFPG,312
78002,CYYZ,LFPG,5243
15234,ZUCK,ZSAM,933
14858,KCHS,KEWR,5397
74080,LOWW,LGIR,244
35871,KJFK,KMSY,2884
15187,ZUCK,ZLXY,896
3213,ESSA,LEBL,3014
47697,VMMC,ZSSS,933
71944,ZBTJ,ZUUU,933
46050,EGCC,LEPA,1433
2345,OJAI,DAAG,2000
45430,LEMD,LPPT,3164
67328,EDDS,EDDF,1533
50392,EDDM,KSFO,1533
18538,EGFF,LEMG,4026
44139,GCLP,GOOY,3792
15260,ZUCK,ZBTJ,952
51898,TN-0002,UUDD,4113
68247,EDDB,LFLL,5400
25083,LPFR,LSGG,4651
4644,VIAR,VIDP,1711
65862,LGTS,EGCC,4651
22272,KDTW,MMMX,5243
64812,KSHV,KDFW,5638
74653,EYVI,ENZV,1656
50511,EDDM,LGAV,933
74756,LIPX,EGCC,1287
14377,EDDK,LTFJ,1456
48411,KMKE,KTPA,5099
35372,KJAX,KCVG,5243
55229,KORF,KMIA,5638
921,YPAD,YBBN,184
16823,EKCH,EBBR,3910
40050,ZGKL,ZSPD,16
64484,ZSSS,ZWWW,911
17583,LICC,LOWW,244
7558,LTFE,EGKK,4446
49476,KMSP,KMCO,5536
30967,ZSHC,RJAA,1953
20193,KDFW,EDDF,5418
66415,LBSF,LIMC,440
28933,SBGR,SBCT,1431
49621,KMSP,KDAY,5243
56866,ZBAA,ZSFZ,912
67288,EDDS,EDDW,1481
6176,LEBL,GCTS,4026
44109,DNMM,KJFK,5653
29920,EDDH,GCTS,1456
16907,EKCH,LFPG,1360
48134,KMIA,SBGL,408
5750,LEBL,EDDC,4026
17258,EBCI,LIPH,1825
66767,SBSV,SBSG,473
37660,RCKH,ZUUU,4900
16905,EKCH,ESSA,3014
21619,QA-0001,OMAA,4300
2638,EHAM,EGPF,1886
56810,ZBAA,ZGNN,909
11365,KBWI,KSLC,5536
3571,LGAV,LIMC,4651
10272,EBBR,TN-0002,709
46069,EGCC,LKPR,4651
14284,EDDK,LTAI,1456
2789,EHAM,TR-0043,2884
53286,RJAA,QA-0001,1984
62641,KSAN,KABQ,5099
30670,ZBHH,ZHCC,1958
37385,BIKF,EKCH,2857
2637,EHAM,ENGM,3910
45789,EGCC,KLAS,1433
22345,KDTW,SBGR,398
61705,KRIC,KBOS,5418
18855,KDAL,KATL,1360
47223,YMML,NZAA,5865
42975,EGLL,KSEA,5638
14384,EDDK,LGTS,1481
12857,LFPG,KEWR,1533
51284,LIMC,ZSPD,933
65038,WSSS,RJTT,184
72240,DTTA,LFPO,491
3738,KATL,KDFW,1360
6998,LIME,EKBI,1825
50675,EDDM,EDDH,1456
31351,VHHH,ZSJN,896
56996,ZBAA,ZLXY,952
22002,EDDC,LFSB,5400
2419,EHAM,EGGD,5400
13412,LFPG,EGPD,1360
49976,EDDM,EYVI,2220
53285,RJAA,ROAH,1967
78066,CYYZ,SBGR,561
38092,RJBB,PGUM,5243
26498,EDDF,EHAM,1218
55132,KORD,KATL,1824
40214,KLAS,KDEN,5053
19603,VIDP,VABB,1711
27665,MMGL,MMTJ,2530
1157,LEMG,EDDT,1456
16857,EKCH,EDDT,1456
2054,LEAL,BIKF,4534
49780,KMSY,KSFO,5397
56415,LPPD,EDDF,3164
9484,KBOS,KMCI,5099
48195,KMIA,MDSD,5638
15473,KCLE,KLAX,5397
7835,VTBS,RJAA,561
31345,VHHH,YMML,1245
75054,EPWA,EDDF,1431
34523,PK-0001,ZBAA,3071
65172,WSSS,VYYY,3942
42862,EGLL,EFHK,1245
25886,KFLL,CYYZ,698
33821,RKSI,YSSY,4138
11384,KBWI,KCVG,5243
26694,EDDF,LFPG,1533
10187,EBBR,LPPT,3783
5759,LEBL,GCLP,4026
69753,GCXO,LEBL,3783
55063,KORD,KIAD,5397
34263,KIND,KPHX,5418
63716,KSEA,KPHX,5536
18210,MMUN,MMMX,853
22380,KDTW,KRIC,5243
51665,LIRN,LFPG,4651
12621,LFPG,EYVI,2220
43636,LPPT,EDDF,3164
13747,RPVM,RPLC,3105
40557,KLAX,KBWI,5397
35706,KJFK,UUEE,5243
44359,EGGP,LPFR,1825
8870,LFBD,LFSB,5400
22861,EDDL,EDDF,1431
40698,KLAX,EDDF,1431
38555,ZPPP,VCBI,896
20630,GOOY,LEMD,3692
56779,ZBAA,LOWW,933
56514,KPDX,CYYC,561
6801,EGAA,GCTS,4365
72053,ZBTJ,ZJHK,933
56734,ZBAA,RJAA,933
21514,OEDF,HECA,1145
67878,UUEE,OIIE,3212
2520,EHAM,ZGGG,909
16861,EKCH,GCLP,3014
34449,PK-0001,OMAA,3064
76086,ZSAM,ZPPP,929
33627,RKSI,RJGG,1984
12800,LFPG,EGPH,4482
48233,KMIA,SKBO,5638
66591,KSPS,KDFW,5638
45570,LEMD,SBGR,408
24813,EGTE,LEPA,491
40942,EGNM,LTBS,491
68213,EDDB,EKCH,3014
33748,RKSI,ZSAM,929
40395,KLAS,KRFD,5610
5320,LTAI,EGKK,4404
56078,UNNT,UUDD,3346
46510,KMCO,KMHT,5099
19244,KDCA,KCVG,5243
51138,LIMC,SBGR,408
55224,KORF,KMIA,5418
50225,EDDM,LEMD,1431
61574,VYYY,VDPP,3942
19798,KDEN,KGEG,5099
35687,KJFK,KBOS,5418
4790,OMAA,EGCC,4300
51263,LIMC,LROP,1656
10684,LFSB,LTBJ,4131
21086,UUDD,ULLI,3375
64499,ZSSS,ZSJN,951
42000,EGKK,LTBS,4446
77476,CYUL,CYYT,561
61823,EVRA,UUWW,3370
77469,CYUL,KDTW,2000
43349,SPIM,MUHA,853
72558,EDDT,ESSA,1245
23783,EGPH,EGTE,4482
73300,ZWWW,UAFM,1003
52112,LFMN,LPPT,4651
11313,KBWI,KORF,5099
26060,EDDG,EDDW,730
48113,KMIA,LFPG,3704
44987,LFLL,LFMN,1360
41848,KLGA,KIAD,5397
14719,PH-0001,RPLL,3105
6646,OLBA,UUEE,2165
4537,KATL,KCVG,5243
65850,LGTS,LCLK,1575
29297,LSGG,LYBE,4651
47269,YMML,NZWN,186
6882,ENBR,LEAL,3014
47088,OEMA,OEDF,3461
48427,KMKE,KSTL,5099
19326,VIDP,OEDF,1703
60533,ZSPD,EDDF,1533
18182,MMUN,KDTW,5243
67338,EDDS,LOWW,1481
12852,LFPG,UDYZ,1886
53000,ZGNN,ZSFZ,909
19927,KDEN,KIAH,5053
28743,SBGR,LFPG,408
27801,EPGD,EPWR,3129
9278,VABB,VTBS,1953
78675,LSZH,VABB,1703
11345,KBWI,KCLT,5099
10287,EBBR,EGNT,1939
63424,KSDF,KMCO,5243
62155,KRST,KORD,5418
33744,RKSI,VHHH,3512
54560,LPPR,KEWR,5418
21767,QA-0001,GMMN,3184
9864,LIBD,LIRP,1825
51881,TN-0002,EDDB,4111
73354,ZWWW,ZSPD,896
38327,ZPPP,ZUGY,951
65254,WSSS,WIII,1722
69530,UTTT,OMDB,5834
75925,ZLXY,ZPPP,909
70880,ZSJN,ZSHC,929
78414,LDZA,EDDT,1020
55573,LFPO,LGAV,4651
10235,EBBR,KEWR,5397
55270,EICK,LPFR,1825
55176,KORD,MMUN,5397
29184,LSGG,LEMG,5400
66266,KSMF,KLAX,5638
62186,KRSW,KEWR,5397
38040,RJBB,RPLL,3520
17920,ZUUU,ZSNJ,1124
2179,DAAG,HLLT,13
43590,LPPT,LIPZ,1886
34944,TR-0043,CMN,2802
37633,RCKH,ZSAM,4022
19839,KDEN,KCID,5053
9294,VABB,VCBI,3824
61319,KRDU,KORD,5418
42236,EGKK,LIPX,1287
17276,KCRW,KATL,4867
26448,EDDF,EHAM,1431
33233,KIAH,KORD,5638
59130,LICJ,EDDK,1481
11469,MZBZ,MMUN,1682
37222,UKBB,LTFJ,4138
66477,LBSF,LEMD,1656
68776,ZJSY,ZPPP,896
9751,EDDW,LTAI,1454
15834,KCLT,KSEA,5638
64126,KSFO,KCOS,5397
42613,EGLL,KIAD,5638
19832,KDEN,KPHX,5397
16277,CMN,LFPG,4651
69523,UTTT,UAFM,2121
35425,OEJN,OMAA,4300
10070,EGGD,LIPH,1825
4615,KATL,KVPS,1360
78829,LSZH,LICC,1456
58331,KPHX,KFLL,5536
23883,EGPH,EHAM,2884
14576,ZHCC,ZYHB,922
20350,KDFW,KSEA,5638
12194,YSCB,YPAD,173
48437,KMKE,KTPA,5536
12382,VECC,VOMM,1703
51858,ZBNY,ZUUU,896
52186,LFMN,EGAA,4651
47888,KMHT,KMSP,5536
8329,VOBL,VAGO,1703
71645,LIMF,LIRF,2884
78740,LSZH,BKPR,3976
64073,KSFO,KPDX,5397
2544,EHAM,LEBL,4026
16867,EKCH,EIDW,3910
51236,LIMC,EDDF,1431
12602,LFPG,ULLI,1360
59208,VDPP,WSSS,173
36058,KJFK,KSAN,5243
6420,LYBE,LGAV,1575
25736,KFLL,CYUL,561
72538,EDDT,EFHK,1481
44344,EGGP,LPPT,5400
26540,EDDF,LTAI,1454
3207,ESSA,LEMD,3704
30536,LGIR,EDDL,1456
77057,CYOW,CYYC,698
16638,VOCI,WMKK,5855
45535,LEMD,EDDF,5872
76116,ZSAM,VHHH,909
42654,EGLL,DNMM,5653
67812,UUEE,ZBAA,3212
70449,EETN,EFHK,1245
45808,EGCC,LTBS,4410
21123,UUDD,OMDW,3370
64205,VVTS,WSSS,5872
33195,KIAH,SAEZ,5397
64813,KSHV,KLAS,5610
12751,LFPG,LEMD,5400
67636,ENZV,EHAM,1886
74387,UUWW,EGLL,4592
46620,KMCO,KATL,5243
46600,KMCO,KCMH,5243
22441,EIDW,EGPD,1824
11774,HECA,CYYZ,1145
23074,OMDW,RPLL,3108
18535,EGFF,GCTS,1287
66245,KSMF,KLAX,5397
53808,EDDN,EDDH,1456
77834,CYYC,KORD,698
75399,ZHHH,ZJSY,896
39890,OKBK,LTFJ,4138
37371,BIKF,EGKK,4534
55560,LFPO,LEMG,4026
7692,VTBS,LOWW,244
34453,PK-0001,OMAA,3071
27050,EDDF,LICC,1456
42319,EGKK,LIRP,4651
22180,EDLW,EGGW,5400
34568,LTFC,TR-0043,4138
63647,KSEA,CYYZ,561
42098,EGKK,LEBL,3014
20985,LTBS,EGNT,4410
46437,KMCO,KROC,5099
3519,LGAV,EGCC,1575
33594,RKSI,ZGSZ,4791
19687,KDEN,KDTW,5243
20889,ZYTL,ZSPD,16
5749,LEBL,EDDC,3783
42785,EGLL,LYBE,3486
29475,UBBB,EDDF,1431
21929,WADD,YPPH,118
61439,VDSR,ZPPP,896
77028,CYOW,EGLL,1533
45571,LEMD,SBGR,853
2749,EHAM,LIPE,2884
40844,KLAX,KSEA,5638
1766,UAAA,ULLI,2069
39777,ZUGY,ZLXY,951
1276,LEMG,LIRF,1886
64213,VVTS,VVNB,5872
24516,KEWR,EHAM,1533
71255,RCTP,RJFF,4025
74129,LOWW,LSGG,3958
35095,RJOO,RJTT,1992
23957,EHEH,LFML,1825
25395,LIRF,LEAL,4026
64972,WSSS,UTTT,5834
59760,LKPR,LIRF,1886
60785,ZSPD,WSSS,3519
10843,ORMM,OMDB,4299
2442,EHAM,EGNM,1886
9972,EGGD,LEBL,5400
35697,KJFK,TNCM,5243
7169,EGBB,LFLL,4482
44187,GCLP,EHEH,1825
63114,LTFJ,UGTB,4138
4357,KATL,KSDF,1360
38127,RJBB,VTBS,4075
20315,KDFW,KRIC,5418
69856,GCTS,LFPG,4651
60121,MPTO,CYYZ,3083
70441,EETN,LGIR,730
43024,EGLL,PK-0001,3071
23153,OMDB,UUDD,4298
40638,KLAX,MPTO,5397
45061,LFLL,EDDF,1218
31880,RJTT,RJBB,1953
6082,LEBL,LBSF,1656
76137,ZSAM,WSSS,909
45472,LEMD,KMIA,5638
39967,ZGKL,ZSFZ,933
15849,KCLT,MMSD,5418
1946,LEAL,LEBL,3704
78455,LDZA,EDDF,1020
42601,EGLL,LDZA,5638
36490,FAOR,FALE,3645
49288,LFML,LLBG,1851
73306,ZWWW,ZHCC,909
12139,ZGGG,ZSWZ,952
78282,CYYZ,EDDM,1431
32808,VOHS,VAGO,1704
9755,EDDW,EIDW,1825
22374,KDTW,KCLE,5243
4591,KATL,KTLH,2884
59819,LKPR,LIPZ,1869
55144,KORD,KSGF,5397
45081,LFLL,EGLL,4485
69598,UGTB,LFPG,1393
10409,EBBR,EVRA,2154
25183,LIRF,LIBD,1886
12328,SVMI,MUHA,5852
15489,KCLE,KMIA,5418
35989,KJFK,ZBAA,5418
28271,RKSS,RKPC,3648
36721,FAOR,FACT,3519
19595,VIDP,VABB,1709
47622,MMMX,CYUL,2530
40896,KLAX,YBBN,184
22477,EIDW,GCLP,1824
75276,ZSWZ,ZGHA,945
42843,EGLL,KORD,5243
65860,LGTS,LGAV,1825
16955,EKCH,ENBR,3014
58348,KPHX,KSAN,5536
4768,OMAA,EGLL,3173
50643,EDDM,KPHL,5638
29044,KGSP,KDCA,5418
45143,LFLL,DAAG,1311
50159,EDDM,EGLL,5638
39424,WMKK,WIII,2256
76073,ZSAM,EHAM,909
7726,VTBS,WMKK,1145
26753,EDDF,ZSNJ,933
5580,OBBI,TR-0043,4138
42957,EGLL,KATL,1360
48086,KMIA,MMMX,1886
56938,ZBAA,CYYZ,933
68539,YSSY,YMML,5865
29287,LSGG,EDDM,1431
48623,LMML,EGFF,2288
27623,MWCR,KMIA,5638
51206,LIMC,LFML,1886
20367,KDFW,KATL,5243
72498,EDDT,KJFK,5638
31701,VTSP,VTCC,4048
55036,KORD,KSDF,5397
15800,KCLT,KPWM,5638
14198,WIII,VHHH,4025
26672,EDDF,KEWR,5397
11373,KBWI,KIND,5536
25350,LIRF,EDDF,1886
28055,SBGL,SBCT,1580
20809,ZYTL,ZBTJ,4398
23070,OMDW,OBBI,4299
71107,KTPA,KPIT,5099
40895,KLAX,KIND,5638
54913,KORD,MYNN,5397
1686,NZAA,YBBN,184
2492,EHAM,LJLJ,3549
73721,LIPZ,LICC,3464
53273,RJAA,VMMC,1953
14892,LIRA,EIDW,1825
75871,ZLXY,ZPPP,896
33284,KIAH,KCLT,5638
24660,KEWR,KORD,5638
64264,VVTS,WIII,5872
2668,EHAM,LGAV,2869
22020,EDDC,UUEE,3212
75313,ZSWZ,ZJHK,1394
53291,RJAA,ZSAM,933
50191,EDDM,MDPC,1433
60656,ZSPD,ZBAA,2918
172,KABQ,KMDW,5099
34641,TR-0043,EBBR,4138
7186,EGBB,KEWR,1431
63893,KSFO,KDCA,5450
5912,LEBL,LGAV,1575
65290,WSSS,RPLC,3103
42422,EGKK,MMUN,4592
41625,EDDP,EDDM,1533
43043,EGLL,KJFK,5243
26690,EDDF,LPFR,3173
66238,KSMF,KIAD,5397
58250,KPHX,KCMH,5638
65434,KSJC,KATL,2884
7262,EGBB,LEAL,4482
75389,ZHHH,ZLXY,909
66999,KSTL,KMIA,5638
68833,ZJSY,ZSSS,945
35684,KJFK,MKJP,4104
48452,KMKE,KIAH,5397
12035,ZGGG,ZSSS,896
54864,KORD,KMSN,5397
40688,KLAX,RCTP,4025
27634,MWCR,KCLT,5418
30888,ZSHC,ZYTL,16
75825,ZLXY,ZSPD,952
6263,KBDL,KMIA,5418
60395,ZSPD,ZPPP,933
46138,EGCC,LICC,5400
48435,KMKE,KCLE,5397
14128,WIII,WBSB,428
47233,YMML,YPPH,186
43011,EGLL,LIPE,5638
52565,RJGG,RJFF,1953
74231,LOWW,ULLI,244
26986,EDDF,WSSS,1533
1327,LEMG,EGPF,491
8359,VOBL,VOHS,1703
44358,EGGP,EPWA,1656
22874,EDDL,EDDN,1481
45360,LEMD,EBBR,3692
30189,MUHA,MDSD,1031
32968,KIAD,KMSP,5243
57378,LCPH,EGPH,5400
42953,EGLL,OERK,3704
7814,VTBS,ZSFZ,929
62984,LTFJ,UAAA,1227
21804,QA-0001,FAJS,3184
32409,ZYHB,ZSJN,952
56576,ZBAA,ZUGY,933
77038,CYOW,KBOS,5397
49924,MMMY,MMUN,2580
73580,LIPZ,EDDF,1533
25491,LIRF,CYYZ,1431
50863,EDDM,RKSI,1431
59062,LICJ,LIMF,1886
77606,CYVR,CYYZ,698
62122,URRP,ULLI,3375
20402,KDFW,KSNA,5418
47927,KMIA,KSFO,5638
24994,LPFR,EHAM,2869
69142,ZGSZ,ZSSS,886
33648,RKSI,RJAA,1353
34964,TR-0043,RKSI,4791
28948,RU-0035,UUDD,371
41186,LCLK,EDDM,1533
53220,RJAA,VIDP,1984
71395,RCTP,ZBHH,933
25240,LIRF,LIML,5400
74723,KVPS,KDCA,5418
7792,VTBS,RPLL,4048
65012,WSSS,ZHHH,896
59217,VDPP,ZSPD,479
52046,HKJK,TR-0043,4138
35009,TR-0043,UKBB,4227
11092,KBUF,KCLT,5638
23445,OMDB,TR-0043,4138
4782,OMAA,EIDW,4300
74056,LOWW,VTBS,4048
66063,KSLC,KCVG,5243
60267,RKPK,VHHH,3020
26254,ZSFZ,ZLXY,896
45832,EGCC,LHBP,1825
12129,ZGGG,ZHHH,952
6852,ENBR,EDDB,3014
15953,VCBI,OEDF,3459
34801,TR-0043,ESSA,4138
60640,ZSPD,KORD,912
64646,ZYTX,ZSHC,952
19495,VIDP,VOHS,1704
58737,LEPA,EBLG,5811
24875,SAEZ,SBFL,473
47988,KMIA,LEMD,5418
10305,EBBR,LFBO,5400
53501,RJAA,UUEE,3212
36155,KJFK,KBOS,5243
64750,OMSJ,OEDF,4287
24667,KEWR,ENGM,3910
55932,LROP,LGAV,3197
53267,RJAA,KATL,5243
74024,LOWW,VIDP,244
62425,OERK,QA-0001,2260
70150,LATI,EDDM,1533
73665,LIPZ,LIBD,3803
48535,LMML,EGGP,1825
72500,EDDT,LIPX,1481
49844,MMMY,MMAA,5655
49713,KMSY,KDFW,5638
7141,EGBB,LCLK,4446
78872,LSZH,EDDH,1431
60538,ZSPD,ZGSZ,909
63953,KSFO,EGLL,3370
9158,VABB,EGLL,1703
35824,KJFK,KMCO,5638
58086,KPHL,KSFO,5418
41758,KLGA,KMCI,5243
11811,ZGGG,RJBB,1984
37465,UAKK,ULLI,3212
74036,LOWW,UUDD,244
49484,KMSP,KSNA,5243
41819,KLGA,CYYZ,5397
11818,ZGGG,ZPPP,952
9181,VABB,VOMM,615
64517,ZSSS,ZGHA,911
54533,LPPR,LPPT,5418
60205,MDPC,EDDM,1456
54456,KONT,KSFO,5397
59044,LEPA,EGHH,1825
51943,HKJK,OMAA,4300
56769,ZBAA,EDDM,1431
73674,LIPZ,LFSB,5400
10793,LFSB,EDDH,4651
25858,KFLL,KATL,1360
15675,KCLT,KMCO,5536
1293,LEMG,EGNT,4651
35940,KJFK,LSZH,3958
72657,ZBYN,ZPPP,896
27033,EDDF,LEMG,1431
24556,KEWR,LPPT,5397
56541,ZBAA,UHHH,3346
21665,QA-0001,OMDW,3184
49408,KMSP,KDCA,5418
63510,MDSD,KMIA,5418
19670,KDEN,MRLB,5053
70149,LATI,EDDM,1431
66410,LBSF,EDDM,1431
42581,EGLL,KLAX,1245
33776,RKSI,PHNL,5243
33687,RKSI,ZBAA,909
65104,WSSS,YPAD,5865
55494,LFPO,TFFR,1360
25864,KFLL,MDSD,4837
4316,KATL,KRSW,1886
25284,LIRF,KMIA,5243
61325,KRDU,MMUN,5243
16811,EKCH,EDDT,1533
7039,EGAC,EGBB,4482
78021,CYYZ,LEBL,561
11032,LHBP,LIRA,1825
33271,KIAH,KATL,2884
60433,ZSPD,ZUGY,933
52277,EGNT,EGLL,4485
24723,KEWR,KRIC,5397
18242,MMUN,EDDF,1433
52275,EGNT,EGKK,5400
71467,RCTP,ZHCC,4024
71671,LIMF,EDDF,1533
34009,OIIE,LTFJ,3277
13446,LFPG,LIPE,1360
17750,RJCC,RCTP,4024
40808,KLAX,MMPR,5243
32204,PHNL,YBBN,4965
62184,KRSW,KMKE,5099
2476,EHAM,SPIM,2884
28051,SBGL,SBCT,1360
47897,KMIA,KBOS,5638
67329,EDDS,LEMG,1481
76555,CYEG,KDFW,5638
22865,EDDL,RJAA,1533
27638,MWCR,KIAH,5397
49638,UMMS,LHBP,312
75312,ZSWZ,ZGGG,911
11556,LIEE,LFSB,5400
38160,RJBB,RKSI,4791
14949,KCID,KSFB,5610
26265,ZSFZ,ZBAA,952
42928,EGLL,CYYZ,1431
50275,EDDM,LEMD,1851
73320,ZWWW,ZLXY,886
72042,ZBTJ,ZSHC,4891
27141,UAFM,USSS,4149
49650,UMMS,LFMN,312
4328,KATL,KSAN,2884
4059,KATL,KFLL,5243
17364,ZGHA,ZLXY,912
66044,KSLC,KSAT,5243
51822,ZBNY,ZSNB,896
56145,UNNT,TR-0043,4138
30688,ZBHH,ZSPD,933
72552,EDDT,EDDN,1456
33338,KIAH,KATL,5397
46067,EGCC,LTFE,1287
66478,LBSF,LBBG,440
47977,KMIA,MZBZ,5638
58848,LEPA,LEMD,3704
62841,LTFJ,EDDK,3277
77995,CYYZ,KFLL,676
48011,KMIA,LEBL,1245
76100,ZSAM,ZSNJ,929
10573,SBBR,SBGL,408
63687,KSEA,KMDW,5099
6990,LIME,EVRA,1825
22555,EIDW,EPGD,1825
10485,EBBR,VABB,335
51957,HKJK,HAAB,2087
788,HAAB,VTBS,3519
41836,KLGA,KSAV,5243
62672,KSAN,KSEA,5243
41452,ULLI,UDYZ,3212
77836,CYYC,KSLC,5243
72836,LTCG,LTBJ,4131
41007,EGNM,LEPA,4446
5715,LEBL,LFSB,5400
22556,EIDW,KORD,3704
7930,VTBS,VTSP,4073
52829,ZSNJ,ZJHK,1958
24766,KEWR,KBNA,5536
25791,KFLL,KSTL,5099
30345,EFHK,EGLL,1245
21202,UUDD,RJAA,3346
65864,LGTS,UUDD,1997
30382,EFHK,EDDM,1431
58948,LEPA,ESSA,3014
26428,EDDF,OMAA,1431
33213,KIAH,KFLL,5397
40354,KLAS,KPDX,5099
33675,RKSI,RJFF,5335
52527,RJGG,RJFK,3059
29813,ZJHK,ZSHC,1958
44345,EGGP,GCLP,1825
3861,KATL,EIDW,2884
59863,BKPR,EKCH,3910
46641,KMCO,CYYT,676
13520,LFPG,OJAI,1360
347,DGAA,LEMD,3704
20384,KDFW,TJSJ,5638
31495,VHHH,ZSHC,933
71652,LIMF,LICJ,1367
53324,RJAA,KSFO,5397
37097,UKBB,LCLK,4227
68647,YSSY,PHNL,184
22331,KDTW,KBGR,5243
34255,KIND,KORD,5638
16191,GMMN,LEBL,2802
11064,KBUF,KDCA,5418
69150,ZGSZ,ZSPD,945
32404,ZYHB,ZGGG,933
47009,KMDW,KCHS,5536
70172,LATI,LGAV,1574
169,KABQ,KMCI,5536
9192,VABB,OMDB,1703
26546,EDDF,QA-0001,3184
34492,OPRN,OOMS,3071
37165,UKBB,EDDM,4813
45405,LEMD,EGKK,4651
29989,EDDH,LGAV,4651
56644,ZBAA,ZHHH,909
16129,GMMN,EHAM,2802
25537,LIRF,KJFK,5638
28103,EGPF,LTBS,1287
40773,KLAX,EDDM,1431
62650,KSAN,RJAA,1992
26726,EDDF,EPWA,3122
42653,EGLL,DNMM,2991
45107,LFLL,LEPA,3704
35535,OEJN,EDDF,3459
52515,ZSNB,ZBAA,909
48852,RPLL,OMDB,3105
52283,EGNT,EIDW,1825
24909,SAEZ,MDPC,66
6136,LEBL,EPWA,3122
4988,OMAA,VOTV,1711
11265,KBWI,EGLL,5638
25199,LIRF,EBBR,3783
73712,LIPZ,LGAV,1367
58897,LEPA,LPFR,1456
16984,EKCH,LSGG,4651
11840,ZGGG,HAAB,1218
24136,EGNX,GCTS,4410
15736,KCLT,EDDF,5418
14004,SBSP,SBFL,1580
3699,LGAV,LATI,1574
47436,MMMX,SPIM,2530
71258,RCTP,RJBB,3520
60128,MPTO,SVMI,5870
36081,KJFK,KSFO,5638
7138,EGBB,LTBJ,1287
73958,LOWW,LSZH,2000
58786,LEPA,UUDD,3783
8636,YBBN,WADD,118
52133,LFMN,DAAG,13
62629,KSAN,KDTW,5243
17485,ZGHA,ZUUU,933
34854,TR-0043,EDDT,4138
42795,EGLL,LROP,5638
59893,LIRP,LEMD,1825
59150,LICJ,LICC,2869
5331,LTAI,EDDL,1426
48689,KMLI,KATL,1360
20294,KDFW,MPTO,5638
69875,GCTS,LEBL,3783
20022,KDFW,KLAX,5418
69817,GCTS,EDDK,3014
46996,KMDW,KBHM,5536
52083,LFMN,EGGD,5400
20254,KDFW,CYYC,5638
45916,EGCC,LMML,4651
4919,OMAA,WSSS,4300
11414,WBSB,OEJN,428
26865,EDDF,LEPA,1533
55025,KORD,LFPG,1360
32810,VOHS,VAGO,1715
75255,ZSWZ,ZUGY,922
68663,YSSY,RJAA,1992
19744,KDEN,KMSP,5536
22512,EIDW,LPFR,1824
52332,EGNT,LCPH,4365
15960,VCBI,VOMM,1703
37374,BIKF,EGGW,4651
63941,KSFO,KIAD,5450
8890,LFBD,LEMD,3704
71159,KTPA,KMSY,5099
33669,RKSI,RJFF,1984
292,EGPD,EDDF,1431
64037,KSFO,EGLL,1245
1942,LEAL,EGPH,4651
57224,YPPH,YPAD,184
69917,GCTS,EGPH,491
64266,VVTS,VVNB,5878
48783,RPLL,RJBB,3105
73968,LOWW,EFHK,1245
40285,KLAS,CYYC,5243
14516,ZHCC,RCTP,4022
70706,LLBG,LFPG,1851
33972,OIIE,OMDB,4298
67186,EGSS,LFBD,1825
63236,SCEL,SPIM,1984
24666,KEWR,LFPO,3704
9767,EDDW,EDDG,730
15252,ZUCK,ZSFZ,916
30615,LGIR,EVRA,2857
43723,LPPT,TR-0043,3173
16096,KCMH,KJFK,5243
16860,EKCH,ENZV,3910
60818,ZSPD,KJFK,896
51758,MYNN,KBOS,5243
34850,TR-0043,KORD,5418
51896,TN-0002,EGKK,1287
51148,LIMC,LATI,1854
24469,UDYZ,LGAV,92
55897,LROP,EDDL,1533
46585,KMCO,KRDU,5243
56138,UNNT,UACC,2069
66978,KSTL,KMCI,5536
44237,GCLP,LPPR,1825
8220,LIPE,LFPG,1360
19986,KDEN,KDAY,5397
8673,YBBN,YSCB,184
33112,KIAH,KDFW,5638
72079,ZBTJ,ZSHC,4995
13586,LFPG,LLBG,1839
38785,RJFK,RJOO,1953
25756,KFLL,KLGA,5154
46427,KMCO,KDCA,5638
23018,EDDL,KJFK,1456
14020,SBSP,SBGL,1580
65200,WSSS,ZSPD,3522
56611,ZBAA,ZYTL,909
71299,RCTP,YBBN,4024
15349,ZUCK,VTSP,922
58136,KPHX,KPIT,5099
8295,VOBL,OMAA,1711
29453,UBBB,OMDB,259
29215,LSGG,LTAI,3277
43454,LIML,LICC,1367
25479,LIRF,CMN,1886
55193,KORD,KRSW,5638
31613,VHHH,RKSI,1514
68832,ZJSY,ZSSS,16
24192,EGNX,LIRP,1825
38090,RJBB,ZBAA,1953
21222,UUDD,UAFM,1752
2837,EHAM,LIMF,2869
23192,OMDB,FLLS,4298
40013,ZGKL,RKPK,4791
39279,WMKK,VIDP,2260
17580,LICC,EDDM,1533
73525,LBWN,LOWW,244
33654,RKSI,RJAA,2722
78422,LDZA,BKPR,1020
59229,VDPP,VVTS,3184
64211,VVTS,RJTT,1984
44545,EGGW,GCLP,1287
16633,VOCI,VIDP,1704
48683,KMLI,KATL,5243
21550,OEDF,VCBI,3824
31010,ZSHC,ZJHK,2884
8179,LIPE,LDZA,1020
604,LTBJ,EDDS,4131
34847,TR-0043,LGAV,1575
52954,ZGNN,VTBS,909
6444,LYBE,LTFJ,3484
48580,LMML,EDDF,1431
32922,KIAD,EGLL,5397
52055,HKJK,FAJS,3597
59878,LIRP,LKPR,1886
64010,KSFO,EGLL,4592
17291,ZGHA,ZPPP,4290
76298,ZSAM,ZYTX,912
5180,KAVL,KDTW,5243
42609,EGLL,EKCH,5638
47884,KMHT,KMDW,5536
37220,UKBB,URRP,4227
14723,KCHA,KDCA,5418
36624,FAOR,EDDF,5418
23136,OMDB,OKBK,4299
33127,KIAH,KLFT,5397
62296,OERK,OKBK,2114
40358,KLAS,KTUS,5536
43581,LPPT,EHEH,2869
39697,ZUGY,ZHCC,933
46054,EGCC,LEPA,1287
52227,LFMN,ENVA,3014
32297,KHOU,KOKC,5536
43547,LPPT,GCLP,3792
52612,RJGG,RKSI,4138
55738,ENGM,EFHK,1245
40526,KLAX,KIAD,5638
39474,WMKK,ZSHC,2267
46952,KMDW,KIAD,5099
19304,VIDP,WMKK,2260
6759,EGAA,EGCC,5400
58165,KPHX,KBWI,5099
10834,LFSB,LOWW,244
8549,KBNA,KRDU,5099
26277,ZSFZ,ZUCK,909
67102,EGSS,EIDW,1825
3491,LGAV,UUDD,3346
42726,EGLL,KMSP,2884
23831,EGPH,LIPE,1825
2273,OJAI,QA-0001,3184
18888,HTDA,HKJK,2087
46011,EGCC,LIME,1825
35586,OEJN,CMN,3461
60821,ZSPD,RJBB,1953
12022,ZGGG,VTBS,4048
2607,EHAM,EGAA,5400
53313,RJAA,OMDB,1984
68510,YSSY,YSCB,173
38496,ZPPP,ZBAA,896
45092,LFLL,LEPA,3783
59094,LICJ,LEBL,4026
48671,VRMM,VCBI,4298
3482,LGAV,EBBR,1575
45694,LEMD,UKBB,3704
62421,OERK,KJFK,3459
39794,OKBK,EHAM,1360
20999,LTBS,EGPF,1287
48616,LMML,LICC,1533
43599,LPPT,LPFR,3164
27954,SBGL,SAEZ,3096
75553,ZHHH,ZGNN,951
47600,MMMX,KPHX,5418
50325,EDDM,LOWW,1431
33137,KIAH,EGLL,5638
4052,KATL,EDDM,2884
38907,EPKK,LEMG,1825
75808,ZLXY,ZSPD,16
44614,EGGW,LEPA,1287
70939,ZSJN,ZLXY,922
21876,WADD,WMKK,2256
62941,LTFJ,ESSA,4117
17815,ZUUU,ZSJN,896
52852,ZSNJ,ZYTX,909
19172,KDCA,KPHX,5418
10418,EBBR,LEST,3783
7014,LIME,GCTS,1825
587,LTAF,TR-0043,4138
6186,LEBL,LLBG,4026
68366,TNCM,KEWR,5397
6161,LEBL,CYYZ,561
58080,KPHL,KRDU,5418
52505,ZSNB,ZSAM,896
33188,KIAH,KMKE,5397
20972,LTBS,EGCC,4651
52121,LFMN,EGGW,4651
74989,EPWA,ENGM,3014
14296,EDDK,LIEE,1481
70406,KTLH,KTPA,5397
19777,KDEN,KOAK,5099
16974,EKCH,ESGG,3910
9454,KBOS,EGLL,1360
26537,EDDF,OEDF,1533
43002,EGLL,VOBL,4485
28487,ESGG,EDDF,1431
47541,MMMX,MMAA,2580
13254,LFPG,MPTO,1360
12534,LFPG,WMKK,2260
72306,DTTA,LFBD,4111
71658,LIMF,LIBD,1825
51323,LIMC,OEJN,1886
75214,EPMO,EGGP,1825
38995,HSSS,OMAA,912
11973,ZGGG,ZUCK,916
40470,KLAX,KHOU,5099
60209,MDPC,UUEE,3212
58200,KPHX,MMUN,5638
61482,VDSR,VVDN,5872
25182,LIRF,UUEE,1886
34552,OPRN,OEJN,3461
4863,OMAA,LGAV,4300
73308,ZWWW,UNNT,912
72074,ZBTJ,RJGG,1992
22732,EDDL,UUDD,3346
32564,HEGN,EGCC,4410
73303,ZWWW,ZUCK,933
55205,KORD,KDBQ,5638
43056,EGLL,FAJS,4592
6267,KBDL,KORD,5418
43572,LPPT,EGCC,3173
25925,SBFL,SBGL,1580
41676,KLEX,KCLT,5418
73570,LIPZ,LFMN,5400
21301,UUDD,USSS,3375
72941,UWUU,UUDD,664
40476,KLAX,KDEN,5638
27051,EDDF,TR-0043,4138
48566,LMML,UUEE,2288
45524,LEMD,ESSA,3704
55010,KORD,KBDL,5418
4854,OMAA,UAAA,4300
1953,LEAL,LEBL,3783
64467,ZSSS,ZJSY,886
55037,KORD,ZSPD,912
60293,RKPK,RKSS,4791
17519,LICC,EDDT,1869
58492,KPIT,KDCA,5638
62761,KSAT,KTPA,5099
43568,LPPT,LEMD,5400
60412,ZSPD,RJFK,1992
1828,UAAA,UAKK,5762
16048,KCMH,KLAX,5418
28720,SBGR,KMCO,408
50049,EDDM,EGGD,1728
62981,LTFJ,EDDB,1227
16903,EKCH,LOWW,1245
29787,ZJHK,ZBAA,952
24488,UDYZ,UKBB,4227
26948,EDDF,LTFJ,1227
72536,EDDT,KORD,5638
27053,EDDF,UACC,2069
17336,ZGHA,ZWWW,929
36103,KJFK,EKCH,3014
34447,PK-0001,OMAA,2884
2827,EHAM,EDDT,2884
21432,VTBD,ZSNB,4051
74623,EYVI,EDDM,1408
1146,LEMG,UUWW,3370
31016,ZSHC,ZJHK,933
11304,KBWI,MYNN,5536
27036,EDDF,OIIE,1431
2689,EHAM,EFHK,2884
11601,LIEE,LIPE,1887
4361,KATL,KCMH,1886
75419,ZHHH,ZSFZ,916
16469,SBCF,MPTO,3083
34682,TR-0043,QA-0001,4138
55884,LROP,LEMD,3197
19805,KDEN,KBHM,5397
34658,TR-0043,EDDP,4138
21924,WADD,WIII,1741
361,DGAA,EDDF,1533
73614,LIPZ,LSZH,3958
20411,KDFW,RKSI,5243
21640,QA-0001,LHBP,3184
43014,EGLL,FACT,5638
3294,ESSA,LSGG,5400
14248,WIII,RJTT,1953
29655,EDDV,EGLL,1456
4834,OMAA,EDDM,2154
53319,RJAA,ZSPD,5243
33316,KIAH,KSLC,5243
9300,VABB,VOTV,1703
58885,LEPA,EDSB,1825
45200,VOMM,VOBL,615
23403,OMDB,VOCI,1704
49499,KMSP,KBDL,5243
12051,ZGGG,VTCC,909
59911,LIRP,EDDT,1869
42984,EGLL,KSFO,3704
58306,KPHX,KIAH,5418
73528,LBWN,EBBR,709
55094,KORD,PHNL,5397
43728,LPPT,LSGG,1245
38403,ZPPP,ZJSY,4398
55227,KORF,KEWR,5397
43495,LPPT,EBBR,1245
6997,LIME,CMN,2803
71268,RCTP,ZSPD,4024
75999,ZLXY,ZBYN,896
10917,LZIB,LEMG,1825
54004,KOAK,KPDX,5099
2490,EHAM,LPPT,5400
61458,VDSR,VVNB,1360
5548,OBBI,OOMS,279
72704,ZBYN,ZSFZ,929
67789,UUEE,UWKD,3212
59561,EPPO,EDDF,1431
25455,LIRF,EVRA,2154
36109,KJFK,RKSI,4791
30474,EFHK,KJFK,4485
24571,KEWR,LEMD,1431
32797,VOHS,OMDB,1704
32275,KHOU,KLIT,5536
5182,KAVL,KORD,5397
8123,EKBI,EHAM,1886
57050,ZBAA,ZUUU,922
20897,ZYTL,ZSHC,886
17248,EBCI,LTFJ,4117
26856,EDDF,ENZV,1533
19065,KDCA,KLAX,5638
47337,KMEM,KDFW,5243
22767,EDDL,ELLX,1467
66949,KSTL,KMDW,5536
70734,LLBG,LSGG,4651
5824,LEBL,LFPG,1360
42269,EGKK,LGAV,4651
51965,HKJK,EGLL,5638
19218,KDCA,KSLC,5243
23311,OMDB,ORBI,4298
694,LTBJ,LTAJ,4117
11073,KBUF,KMCO,4837
62897,LTFJ,LEMD,4117
61809,EVRA,ESSA,3014
54254,KOKC,KDAL,5536
22351,KDTW,KPHL,5418
33157,KIAH,KABQ,5397
46514,KMCO,KMKE,5243
55484,LFPO,LEPA,3783
5395,LTAI,EDDH,1456
51147,LIMC,EPWA,3122
51768,SBSG,SBSV,473
2318,OJAI,OLBA,2165
42952,EGLL,VHHH,4592
64647,ZYTX,ZSAM,929
55762,ENGM,VTBS,3910
1807,UAAA,VHHH,2069
1917,LEAL,EHAM,2869
790,HAAB,OERK,3459
56503,KPDX,KONT,5638
64994,WSSS,ZGGG,909
54863,KORD,KMSN,5638
22235,KDTW,KLAX,5154
65433,KSJC,KMDW,5099
15757,KCLT,KGPT,5638
29033,KGSO,KPHL,5418
49523,KMSP,KORD,5154
30355,EFHK,EDDL,1245
77020,CYOW,KORD,5397
52098,LFMN,EGKK,3014
39730,ZUGY,ZUCK,4562
75813,ZLXY,ZBTJ,952
4420,KATL,MMSD,2530
19517,VIDP,VOBL,1711
36648,FAOR,SBGR,408
1841,UAAA,ZWWW,909
55263,EICK,EDDM,1824
57744,KPHL,LFPG,1360
17993,ZUUU,ZBYN,922
69952,LYPG,LFPG,2799
62332,OERK,OMDW,4299
25266,LIRF,LFLL,4651
37406,BIKF,ENGM,1679
34841,TR-0043,UKOO,4146
59731,LKPR,UBBB,259
53304,RJAA,EDDL,1953
69040,ZGSZ,RCKH,4025
55173,KORD,KJFK,4837
41960,EGKK,LIPX,4651
73685,LIPZ,LOWW,244
29604,LTAJ,LTBJ,3277
22507,EIDW,KEWR,1431
51593,LIRN,EDDT,1887
33113,KIAH,KLAS,5397
74415,UUWW,EDDT,1431
36730,FAOR,FACT,5865
66931,KSTL,KMDW,5099
29969,EDDH,LIPZ,4651
59718,LKPR,LEMD,2107
2304,OJAI,LIRF,1887
15701,KCLT,KEWR,5397
30341,EFHK,LHBP,3014
67638,ENZV,ENVA,3910
48664,VRMM,WSSS,3522
65635,TJSJ,KEWR,5397
6190,LEBL,GCXO,3692
22620,EIDW,LIPE,1824
52853,ZSNJ,ZYHB,922
59090,LICJ,LEBL,3704
3769,KATL,KDFW,4485
43288,SPIM,KDFW,5638
32997,KIAD,EDDF,1533
17088,FACT,EGLL,5638
56479,KPDX,KPHX,5638
31678,VTSP,WMKK,4048
60814,ZSPD,ZUUU,922
17600,LICC,LIRN,4651
50139,EDDM,SBGR,408
45355,LEMD,EGGD,4651
8625,YBBN,KLAX,173
5510,OBBI,OMAA,1886
45072,LFLL,LFPO,1360
64122,KSFO,RJBB,5397
42974,EGLL,KSEA,4592
60615,ZSPD,ROAH,896
74984,EPWA,LIMC,3122
40967,EGNM,LPFR,4365
11091,KBUF,KATL,1360
75416,ZHHH,ZBAA,912
4140,KATL,KORF,2884
70660,LLBG,EDDM,1456
43399,LIML,EGKK,5400
23744,EGPH,EHAM,4651
70289,HLLT,TR-0043,2202
1962,LEAL,LIRF,3783
40809,KLAX,KPWM,5536
21531,OEDF,RPLL,3104
65246,WSSS,VOTV,3519
28729,SBGR,KIAH,5397
10292,EBBR,EDDF,1431
31737,VTSP,VHHH,4048
47338,KMEM,KCLT,5418
25348,LIRF,OLBA,1886
42173,EGKK,LIRF,4485
29733,ZJHK,ZUGY,4562
42641,EGLL,LPPT,1953
72659,ZBYN,ZJSY,933
49490,KMSP,KMIA,5418
59890,LIRP,EGKK,4651
34748,TR-0043,LMML,2288
78773,LSZH,EDDT,1431
54946,KORD,ZSPD,5418
19797,KDEN,KORD,5418
62768,KSAT,KLAS,5536
281,EGPD,EGCC,1728
31057,ZSHC,ZSAM,909
48624,LMML,LSGG,2288
13516,LFPG,EKCH,4651
16088,KCMH,KATL,5243
9843,LIBD,LIMC,4651
17821,ZUUU,ZUGY,1124
14937,KCID,KDFW,5418
16835,EKCH,LFSB,4651
18546,EGFF,EDDL,1481
58513,KPIT,MMUN,5053
45857,EGCC,GCLP,1287
16017,VCBI,VOBL,69
46692,OOMS,OKBK,2114
12972,LFPG,EGNT,4482
27929,SBGL,SBSV,408
63753,KSEA,CYVR,5243
19074,KDCA,KSRQ,5418
20792,ZYTL,ZBTJ,1953
68239,EDDB,EGPF,5400
49150,LFML,EGKK,5400
30029,EDDH,EKCH,5400
11370,KBWI,KATL,2530
61777,EVRA,LFPG,1360
30523,LGIR,EDDC,1456
52265,EGNT,LEPA,1287
5313,LTAI,LFSB,4651
58820,LEPA,EKYT,3014
3707,KATL,KBOS,4592
46003,EGCC,LGAV,1575
72841,LTCG,LTAI,3277
28385,VAGO,VOMM,1703
3326,ESSA,LTFJ,4117
77999,CYYZ,EGLL,1533
25934,SBFL,SBGR,473
64413,ZSSS,ZGGG,945
25054,LPFR,EGAA,4365
76547,CYEG,EGLL,561
75581,ZHHH,ZUUU,952
62406,OERK,PK-0001,3071
11553,LIEE,EPKK,1825
60559,ZSPD,RKPC,945
12978,LFPG,DNAA,2884
75008,EPWA,OMDB,184
33049,KIAD,MSLP,5418
14736,KCHA,KATL,1886
15674,KCLT,KMCO,5418
11533,KCAE,KDCA,5638
78674,LSZH,EDDN,1533
74428,UUWW,EDDL,1431
38874,EPKK,EDDF,1533
55041,KORD,MMPR,5053
68050,USSS,UWWW,3206
6028,LEBL,EDDS,1481
30928,ZSHC,ZGGG,896
53015,ZGNN,ZSAM,4121
43876,LJLJ,LYPG,3549
58875,LEPA,EDDM,1431
77540,CYVR,CYWG,698
63035,LTFJ,EHEH,2869
20217,KDFW,KORD,5154
3851,KATL,KDTW,5243
73947,LOWW,CYYZ,244
42188,EGKK,TN-0002,4446
24474,UDYZ,URSS,522
7895,VTBS,VYYY,2059
24566,KEWR,EIDW,1431
41838,KLGA,KSDF,5418
5779,LEBL,LEMD,3783
73632,LIPZ,EDDM,1533
21904,WADD,YSSY,5865
8725,YBBN,YPAD,173
51106,LIMC,LIBD,5400
19374,VIDP,LOWW,244
11457,MZBZ,KCLT,5638
15898,KCLT,KDAY,5638
61730,KRIC,KATL,5243
23840,EGPH,EGBB,4482
10116,EBBR,EYVI,335
70639,LLBG,EGGW,5400
59740,LKPR,LPPT,3173
44111,DNMM,FAJS,5653
24852,SAEZ,LEMD,3692
43332,SPIM,LFPG,1886
54563,LPPR,LEPA,1825
46982,KMDW,KRNO,5099
21499,OEDF,OKBK,5243
38875,EPKK,EDDF,3122
18297,MMUN,KATL,5243
74115,LOWW,EDDF,244
44981,LFLL,LEMG,3783
19093,KDCA,KCAE,5638
29480,UBBB,UNNT,3346
72800,KTYS,KATL,1886
55216,KORF,KBWI,5536
57078,ZBAA,RJGG,1456
1243,LEMG,EGCC,4651
74607,EYVI,EKCH,561
26624,EDDF,EGCC,1431
40838,KLAX,KCMH,5243
56801,ZBAA,ZSFZ,952
14134,WIII,OMDB,4298
46704,OOMS,OMDB,184
8665,YBBN,YMML,173
76000,ZLXY,ZWWW,933
41133,LCLK,LFSB,4651
8920,LFBD,GCTS,3464
10731,LFSB,EGCC,5400
22531,EIDW,LFMN,1825
54630,KORD,KDCA,5418
16052,KCMH,KBWI,5099
2762,EHAM,KIAH,1431
75064,EPWA,EFHK,1245
65384,WSSS,LIMC,3522
58888,LEPA,EGNT,5400
8260,LIPE,CMN,2803
52809,ZSNJ,RJAA,1984
21263,UUDD,VAGO,3370
10197,EBBR,LJLJ,335
68839,ZJSY,ZHHH,1958
25013,LPFR,EDDL,1426
6669,OLBA,OOMS,3044
56357,KPBI,KATL,5099
51804,ZBNY,ZYHB,954
77526,CYVR,NZAA,561
44272,GCLP,EDDS,1426
3477,LGAV,OMAA,4300
57884,KPHL,MDSD,5638
8672,YBBN,YSCB,5638
64901,WSSS,RKSI,3519
65102,WSSS,YPAD,173
55954,LROP,LTFJ,3277
67029,KSTL,KATL,5099
10193,EBBR,LPPT,4048
75194,EPMO,EGSS,1825
16852,EKCH,QA-0001,3184
62976,LTFJ,EDDF,4138
47367,KMEM,KMSY,5243
59949,LIRP,LICC,1886
58756,LEPA,EBBR,3704
64397,ZSSS,ZGSZ,16
74383,UUWW,KMIA,3370
43379,SPIM,SPZO,2283
52305,EGNT,EGHI,4482
42998,EGLL,VOBL,5638
41976,EGKK,KLAS,5243
56820,ZBAA,RJAA,3071
45454,LEMD,EDDL,1456
48032,KMIA,SVMI,5870
17294,ZGHA,ZPPP,4891
9839,LIBD,EDDM,1533
46590,KMCO,KCLT,5638
55751,ENGM,EGPH,3014
31576,VHHH,WSSS,3519
14304,EDDK,LTAC,1227
24536,KEWR,CYEG,561
4647,VIAR,VABB,615
12005,ZGGG,ZSHC,896
46078,EGCC,EFHK,4485
41520,ULLI,UBBB,259
27230,rjns,RJCC,1953
46082,EGCC,LGIR,4651
14586,ZHCC,RKSI,909
63332,LEST,LEMG,1825
7240,EGBB,ESGG,1728
22966,EDDL,EVRA,2154
64342,ZSSS,ZUGY,911
26587,EDDF,GCLP,1426
48897,RPLL,ZBAA,3105
22792,EDDL,LTAC,4117
23202,OMDB,VOMM,4298
78290,CYYZ,KCVG,698
8566,KBNA,KJFK,5418
25187,LIRF,EGGD,5400
45275,VOMM,VCRI,69
71075,KTPA,KJFK,4837
4337,KATL,KSAT,1886
14160,WIII,WAAA,1719
47099,OEMA,OMDB,4299
23955,EHEH,LMML,1825
64699,ZYTX,ZSNJ,909
6249,KBDL,KDFW,5418
58911,LEPA,LFPO,3783
25211,LIRF,ULLI,3212
71729,VOTV,VOCI,1710
32895,KIAD,EBBR,1533
4094,KATL,KFSM,2884
43498,LPPT,EBBR,1825
25075,LPFR,EDDK,1481
15944,VCBI,WMKK,2260
32567,HEGN,EGCC,1287
42321,EGKK,LIRP,4485
16212,CMN,LFPG,2305
78797,LSZH,LOWW,244
67839,UUEE,KIAD,5243
4097,KATL,KOKC,1886
25800,KFLL,KMSY,5536
74266,LOWW,EDDL,1431
21777,QA-0001,CYUL,3184
8704,YBBN,YPAD,5638
55622,ENGM,ULLI,3014
48087,KMIA,MYNN,5638
56798,ZBAA,ZSNB,896
8977,SKBO,KDFW,853
49750,KMSY,KMCI,5099
32785,VOHS,QA-0001,3184
41717,KLGA,KDCA,5638
29303,LSGG,LFMN,3958
78204,CYYZ,KDFW,5638
23440,OMDB,PK-0001,4298
35010,TR-0043,UKBB,4813
63087,LTFJ,EBCI,1227
9393,VABB,FAJS,1711
70560,LFBO,LEBL,3783
46646,KMCO,KJFK,5638
12142,ZGGG,ZSWZ,909
46519,KMCO,KEWR,5397
2136,DAAG,LFPG,1311
36117,KJFK,KIND,5418
55872,LROP,EGLL,4485
52868,ZSNJ,ZGHA,909
9420,ENBO,ENGM,3910
67875,UUEE,RKSI,3212
28659,SBGR,KDFW,5638
51297,LIMC,DAAG,13
11744,HECA,HEGN,1145
1382,LEMG,EKBI,1825
30626,LGIR,EDDH,1433
67120,EGSS,LTBJ,1227
44750,ELLX,EDDL,2236
23732,EGPH,GCTS,491
43383,LIML,EHAM,2884
20338,KDFW,KSAT,5638
27429,RJFF,VTBS,1992
47112,OEMA,PK-0001,3071
28682,SBGR,QA-0001,3184
66125,KSLC,KCOS,5243
62904,LTFJ,UBBB,3277
46882,VYMD,VTBS,3184
48613,LMML,LICC,1887
76036,ZLXY,ZSSS,909
20838,ZYTL,RJAA,933
16894,EKCH,LEBL,3704
74255,LOWW,EPWA,3122
17165,RPLC,VMMC,3105
36470,FAJS,DNMM,5653
32824,VOHS,OMSJ,1703
22745,EDDL,EGLL,5638
40576,KLAX,KMCO,5397
7973,VTBS,EKCH,4048
3871,KATL,EDDL,5243
52342,EGNT,LPFR,491
78167,CYYZ,LFPG,1886
39801,OKBK,VCBI,2114
13332,LFPG,EDDS,1360
20094,KDFW,KMCO,5418
14079,WIII,OMAA,4300
38330,ZPPP,ZUGY,922
46773,OOMS,VABB,1711
45851,EGCC,KORD,4485
20445,KDFW,KATL,4592
51337,LIMC,LEMD,5400
10439,EBBR,LIMF,335
62658,KSAN,KATL,2884
63222,SCEL,SVMI,853
32386,ZYHB,USSS,3375
26639,EDDF,KMCO,5397
44295,GCLP,GMMN,2802
41171,LCLK,EGPF,1287
53255,RJAA,KIAD,5397
55236,KORF,KPHL,5418
49204,LFML,LFPG,1245
47172,YMML,WADD,118
54694,KORD,EBBR,5397
57638,KPHL,KROA,5638
50229,EDDM,EGBB,1431
72420,EDDT,UUEE,3212
11564,LIEE,LFML,1825
56802,ZBAA,RJGG,933
23871,EGPH,EKCH,5400
18219,MMUN,KEWR,5397
63406,KSDF,KMCO,5536
27001,EDDF,VOBL,1703
65532,LQSA,EKCH,364
32044,RJTT,VHHH,1992
65881,LGTS,LOWW,244
2542,EHAM,KEWR,5397
46369,KMCI,KMSP,5536
46739,OOMS,EDDF,3044
4196,KATL,KPHF,1360
1900,LEAL,EGNM,4365
337,DGAA,EGLL,4485
64225,VVTS,VTBS,1746
4746,OMAA,LCLK,1040
77801,CYYC,MUVR,561
65366,WSSS,VABB,3519
62041,KROC,KMCO,5536
40279,KLAS,EGCC,4410
24889,SAEZ,SBGL,62
20212,KDFW,KONT,5638
1977,LEAL,EDDF,1456
20314,KDFW,KRIC,5638
3572,LGAV,LIMC,5400
9452,KBOS,KLGA,5243
61275,KRDU,KDFW,5638
862,YPAD,WMKK,79
56904,ZBAA,ZSPD,952
10462,EBBR,EKCH,3919
4892,OMAA,VCBI,69
65192,WSSS,OERK,3519
39208,EPKT,LIME,1656
36479,FAJS,FLLS,3597
13032,LFPG,LGAV,1575
13020,LFPG,EDDN,1360
64660,ZYTX,ZGGG,909
9530,KBOS,RJAA,1984
49705,KMSY,KDEN,5053
22683,FALE,FAOR,3563
74244,LOWW,LIMC,244
711,LTBJ,LTAF,4117
29320,LSGG,LGAV,1575
66720,SBSV,SBGL,473
19618,VIDP,VIAR,1715
22383,KDTW,KROA,5243
72030,ZBTJ,ZYHB,933
48902,RPLL,VVTS,3104
272,EGPD,EGLL,3370
7020,LIME,EYVI,1825
34799,TR-0043,HKJK,4791
23730,EGPH,EDDB,4651
2840,EHAM,EGSS,4651
38042,RJBB,RPLL,3105
53485,RJAA,RKSI,1984
16954,EKCH,EDDF,933
58475,KPIT,LFPG,1360
17391,ZGHA,ZGNN,4995
55239,KORF,KATL,1886
4928,OMAA,VOBL,1886
19235,KDCA,KJAN,5418
17553,LICC,EDDL,1886
73190,WAAA,WARR,1766
16970,EKCH,LEAL,3783
46377,KMCI,KOAK,5099
52819,ZSNJ,ZBAA,184
20795,ZYTL,ZSJN,922
48232,KMIA,KJAX,5638
45869,EGCC,EIDW,1825
21975,WADD,YBBN,5865
58914,LEPA,ENGM,3014
78192,CYYZ,MKJP,2987
10465,EBBR,LICC,335
58886,LEPA,EGNT,4365
61473,VDSR,VVNB,5872
32283,KHOU,KMCO,5099
26519,EDDF,LFSB,1533
51605,LIRN,EGCC,4404
42867,EGLL,EGPF,3704
69769,GCTS,LKPR,2107
65220,WSSS,VDSR,3520
38579,ZPPP,ZGHA,933
68348,TNCM,MDSD,1591
39793,OKBK,OMAA,4300
19799,KDEN,KGEG,5536
17043,EKCH,WSSS,3910
46683,OOMS,OMAA,4300
51914,TN-0002,EGNX,491
43603,LPPT,EPWA,3173
45251,VOMM,VAGO,615
60566,ZSPD,VMMC,886
12342,SVMI,SCEL,853
12233,VOCL,OBBI,1710
16599,VTCC,VTBS,1533
15764,KCLT,KGSO,5418
41986,EGKK,EBBR,5400
32160,PHNL,KOAK,4965
40034,ZGKL,ZSSS,896
52063,HKJK,HTDA,1431
8991,SKBO,KMCO,4837
38596,ZPPP,ZUUU,909
77849,CYYC,KDFW,5638
39525,WMKK,WAAA,2258
7676,VTBS,RCTP,4019
39895,OKBK,LTFJ,2111
40716,KLAX,KOAK,5243
25870,KFLL,KSFO,4837
30044,VVNB,RCKH,5872
26775,EDDF,LGAV,1575
2576,EHAM,LIMC,5400
53369,RJAA,PGUM,1992
4282,KATL,KPWM,2884
41261,KLCK,KSFB,5610
22618,EIDW,KSFO,1824
49641,UMMS,EDDV,312
41148,LCLK,EGLL,4485
58456,KPIT,KLGA,5638
73679,LIPZ,EBBR,335
70627,LLBG,LIMC,4651
33022,KIAD,LSGG,5397
45480,LEMD,LMML,1825
22455,EIDW,EGNM,1825
7992,VTBS,OJAI,2000
62059,KROC,KORD,5397
39891,OKBK,LTFJ,1227
16971,EKCH,LEAL,4026
24769,KEWR,KATL,2530
70908,ZSJN,ZGGG,952
10226,EBBR,EGNX,1728
53482,RJAA,KDTW,5243
57872,KPHL,KPHX,5418
52715,ZSNJ,ZWWW,909
1201,LEMG,EGKK,3704
12434,VECC,VOBL,615
40600,KLAX,MMMX,5638
71357,RCTP,ZGGG,912
20823,ZYTL,ZSNB,909
78171,CYYZ,KCLT,5638
7687,VTBS,LSZH,4048
74221,LOWW,LEPA,244
9625,KBOS,MMUN,2530
20408,KDFW,KBMI,5418
75302,ZSWZ,ZUCK,1394
65312,WSSS,WAAA,1722
75876,ZLXY,ZGHA,896
51754,MYNN,KATL,5536
43435,LIML,EDDF,1911
50811,EDDM,EBBR,335
21304,UUDD,LGIR,3370
9947,EGGD,EHAM,4651
56946,ZBAA,ZBHH,912
28738,SBGR,KMIA,5638
55138,KORD,KATL,3184
60175,MDPC,MDSD,2884
44197,GCLP,LEMD,3704
77016,CYOW,KORD,561
6387,LYBE,LFPG,3484
24435,UDYZ,UWWW,522
10583,SBBR,SBGR,1749
4394,KATL,KHOU,4592
23276,OMDB,LIMC,4298
8742,YBBN,NZCH,173
57988,KPHL,KBNA,5418
55597,ENGM,EHAM,2884
59064,LICJ,LIMF,3803
49589,KMSP,KBMI,5243
34613,TR-0043,LDZA,4138
54744,KORD,KPHX,5397
11649,HECA,OMDB,1145
31712,VTSP,ZUCK,57
49827,KMSY,KFLL,5536
2925,PANC,KPHX,5418
73574,LIPZ,EHAM,2884
52700,GQNO,GOOY,3399
12321,SVMI,SBGR,1580
38512,ZPPP,ZJHK,912
19101,KDCA,KMCI,5418
47628,MMMX,KATL,1886
23171,OMDB,EGLL,184
58952,LEPA,EDDS,1426
18867,KDAL,KAMA,5536
74612,EYVI,LOWW,244
55763,ENGM,ENZV,3910
62221,KRSW,KATL,5099
52023,HKJK,LFPG,2087
23108,OMDB,RJBB,1992
63950,KSFO,PHNL,2884
15343,ZUCK,ZSWZ,952
15156,ZUCK,ZPPP,933
18428,KCVG,KCLT,5418
70743,LLBG,LFPG,1360
22949,EDDL,LGIR,1575
55754,ENGM,EKBI,3014
8558,KBNA,KHOU,5099
19360,VIDP,OMDB,1704
33077,KIAD,TR-0043,4138
55369,LFPO,LGAV,491
57383,LCPH,EGCC,4651
10051,EGGD,EDDH,1939
70481,LFBO,LFPG,5400
41487,ULLI,LFMN,3212
15366,ZUCK,ZSSS,945
33192,KIAH,KEWR,5397
42055,EGKK,LIPX,4485
58970,LEPA,EGGD,491
40412,KLAS,KSFO,5450
44242,GCLP,LFPO,3704
26269,ZSFZ,ZGSZ,952
57401,LCPH,LBSF,440
63713,KSEA,KIAH,5243
31687,VTSP,VTBD,1910
25441,LIRF,LKPR,3704
10986,LHBP,EHEH,1656
40840,KLAX,MMHO,5243
72840,LTCG,LTAI,1227
47788,OIMM,OKBK,1792
15681,KCLT,KMDW,5099
18195,MMUN,LEMD,3692
42521,EGLL,KBOS,3704
30121,VVNB,WSSS,3516
28345,LIMJ,LFPG,1886
52311,EGNT,LFPG,1886
17302,ZGHA,ZUGY,952
76018,ZLXY,ZUGY,954
27797,EPGD,EPMO,1825
22119,KDSM,KMDW,5536
71301,RCTP,RJBB,1992
69566,UTTT,UKBB,5834
22622,EIDW,LIPE,1825
68782,ZJSY,ZUCK,922
17090,FACT,QA-0001,3184
39366,WMKK,VECC,2258
40925,KLAX,KATL,186
45945,EGCC,EDDM,3597
44164,GCLP,EGGW,1825
62204,KRSW,KCMH,5243
67742,UUEE,LGIR,3212
12288,SVMI,LEMD,3692
50069,EDDM,OMAA,2154
60898,MMPR,CYYC,561
26715,EDDF,LYBE,3486
28254,RKSS,RJBB,4791
21530,OEDF,VOCL,3459
39975,ZGKL,ZSNB,909
55258,EICK,EGNT,1824
68430,YSSY,WSSS,3704
6160,LEBL,LIMF,1825
18000,ZUUU,ZBHH,933
2366,OJAI,CYUL,2000
47572,MMMX,KSFO,5397
48109,KMIA,LFPG,4485
36420,FAOR,OMAA,4300
68485,YSSY,VIDP,1703
67823,UUEE,ESSA,3910
22883,EDDL,LGAV,1575
6437,LYBE,EDDS,1456
38451,ZPPP,ZSNJ,4891
33536,RKSI,ZPPP,896
72702,ZBYN,ZLXY,896
62374,OERK,EDDF,1431
48253,KMIA,SBCT,5638
16059,KCMH,KMIA,5638
31076,ZSHC,ZUUU,2884
67022,KSTL,KATL,1886
32055,RJTT,KSFO,5638
38589,ZPPP,ZGHA,4398
21019,LTBS,TR-0043,4138
6963,LIME,EGNX,1825
37621,RCKH,ZSNB,4024
37042,DNKN,DNAA,2991
77419,CYUL,LFPG,676
53206,RJAA,WSSS,5638
4951,OMAA,OPRN,4300
58466,KPIT,KMIA,5418
64081,KSFO,LFPG,5397
29156,PGUM,PHNL,5397
72422,EDDT,LTAI,1454
1150,LEMG,LFBO,3783
25218,LIRF,EHAM,5400
58329,KPHX,KATL,5536
24329,LTAC,LTCE,4138
49261,LFML,LTFJ,3277
11261,KBWI,KLAX,5099
5803,LEBL,UUEE,3212
63709,KSEA,KATL,2530
33999,OIIE,VTBS,1794
31743,VTSP,WSSS,3526
12670,LFPG,LJLJ,3549
4389,KATL,KSFO,4592
63053,LTFJ,LTAJ,4138
29652,EDDV,LTAI,1433
63263,SCEL,KJFK,853
45471,LEMD,SVMI,3692
873,YPAD,YMML,118
17615,LICC,LFPG,4651
38603,ZPPP,ZUUU,4290
52243,LFMN,LFBD,4651
77532,CYVR,KSEA,5397
55725,ENGM,LEBL,3014
51213,LIMC,LIRF,1886
31399,VHHH,LFPG,1886
2488,EHAM,LPPT,3173
19246,KDCA,KATL,5099
38037,RJBB,WIII,1722
45686,LEMD,MMUN,3401
54819,KORD,MMMX,2671
65657,TJSJ,TNCM,4837
12196,YSCB,YPAD,5865
39246,UWWW,UDYZ,92
29839,ZJHK,ZUUU,952
15684,KCLT,MMMX,5638
56632,ZBAA,EFHK,933
23777,EGPH,LEBL,4026
33191,KIAH,KMOB,5397
75924,ZLXY,ZGKL,1394
69168,ZGSZ,ZSNB,896
2651,EHAM,KPDX,2884
11560,LIEE,EDDL,1887
42035,EGKK,HEGN,5400
53332,RJAA,NZAA,1953
3307,ESSA,LKPR,3014
42832,EGLL,KIAD,1431
56990,ZBAA,RKSI,933
49786,KMSY,KPHX,5099
48563,LMML,EDDT,2288
4239,KATL,KCHS,5099
33199,KIAH,KMSY,5397
44175,GCLP,EGCC,491
72191,KTUL,KDFW,5638
10342,EBBR,ZBAA,335
57934,KPHL,KCLT,5418
9020,SKBO,KFLL,5154
13436,LFPG,DAAG,3212
5102,KAUS,KPHX,5418
47330,KMEM,KDCA,5638
15106,RKPC,RKSS,5335
36483,FAJS,HAAB,1218
5733,LEBL,LHBP,1825
15888,KCLT,KCVG,5243
55251,EICK,EGKK,1825
78837,LSZH,ZSPD,3958
42053,EGKK,GCLP,5400
6442,LYBE,LTFJ,3277
64368,ZSSS,ZGKL,911
19058,KDCA,KDEN,5053
20973,LTBS,EGCC,5400
62287,OERK,HSSS,3461
65015,WSSS,VOMM,3526
24508,KEWR,KBOS,4837
28120,EGPF,EGGW,5400
34224,KIND,KDEN,5536
17167,RPLC,VTBS,3103
66408,LBSF,LEMD,3704
22741,EDDL,EGLL,1533
3891,KATL,KMCI,5243
56067,UNNT,USSS,3206
6865,ENBR,LEBL,3783
74282,LOWW,UDYZ,5397
58296,KPHX,KSJC,5099
34779,TR-0043,EDDM,4791
10738,LFSB,GCTS,5400
62350,OERK,WMKK,3459
39216,EPKT,EDDF,1431
71834,UACC,ZWWW,909
9607,KBOS,KSLC,5243
78856,LSZH,LEMD,3958
33721,RKSI,ZSPD,911
33691,RKSI,PGUM,3512
52535,RJGG,RJTT,1984
65067,WSSS,VOMM,3522
75535,ZHHH,ZYTX,952
72787,KTYS,KLGA,5243
78178,CYYZ,KPHL,5638
21569,OEDF,VABB,1711
56807,ZBAA,ZSNJ,952
11640,HECA,EDDB,1145
9133,VABB,VIDP,1709
19964,KDEN,KBOI,5397
14941,KCID,KMSP,5243
33002,KIAD,RJAA,5397
59826,LKPR,LLBG,1851
35587,OEJN,DAAG,3459
47259,YMML,NZWN,896
56594,ZBAA,EBBR,335
20824,ZYTL,ZSNB,2083
16895,EKCH,EPWA,561
50693,EDDM,BKPR,3549
73634,LIPZ,EGPH,4365
15470,KCLE,KLAS,5099
62809,KSAV,KATL,5243
39987,ZGKL,ZBAA,933
33582,RKSI,QA-0001,3184
52350,EGNT,LEAL,1287
34636,TR-0043,UWKD,4138
43598,LPPT,LPFR,5418
71661,LIMF,LICJ,3803
62663,KSAN,KPHX,5418
35822,KJFK,OMDB,4298
7730,VTBS,WMKK,2000
18177,MMUN,EGKK,4592
29473,UBBB,UAAA,2069
29879,EDDH,LFSB,3958
33659,RKSI,RPVM,4791
16851,EKCH,EGLL,4485
40390,KLAS,KRDU,5536
26567,EDDF,EDDC,1431
71821,UACC,UAAA,1520
51259,LIMC,LATI,1886
45046,LFLL,EGKK,4651
6644,OLBA,OMAA,2165
72318,KTUS,KLAS,5536
61847,EVRA,EHAM,2154
9132,VABB,VIDP,1703
17637,LICC,LIRP,1367
65652,TJSJ,KMCO,5154
28555,FAGG,FAJS,3597
15824,KCLT,KATL,5638
40227,KLAS,KAUS,5536
71367,RCTP,VVNB,4024
61443,VDSR,VVTS,479
50357,EDDM,LGTS,1575
4309,KATL,KROC,2884
61297,KRDU,KMEM,5243
23186,OMDB,DNMM,4298
33081,KIAD,OEJN,3459
54759,KORD,KSYR,5418
65425,KSJC,KORD,5418
1159,LEMG,CYUL,676
58299,KPHX,KMSP,5638
2741,EHAM,EKBI,1886
28451,ESGG,EGKK,3014
13266,LFPG,MDPC,1317
43373,SPIM,KJFK,408
23748,EGPH,EGKK,4651
57194,YPPH,WADD,1722
40923,KLAX,KATL,5099
13544,LFPG,TR-0043,1360
20700,GOOY,TR-0043,4138
74992,EPWA,LIRF,1886
75331,EPWR,EDDM,3122
46705,OOMS,OBBI,3044
40466,KLAX,KDCA,5243
3192,ESSA,LPPT,3173
42674,EGLL,ELLX,4485
69167,ZGSZ,ZHCC,912
19183,KDCA,KPWM,5638
42587,EGLL,EGNM,3704
67174,EGSS,LKPR,4651
32394,ZYHB,ZYTL,922
34749,TR-0043,LMML,4138
44385,EGGP,LEAL,1825
40823,KLAX,KSMF,5243
78828,LSZH,EDDF,1218
19893,KDEN,KSEA,5638
49798,KMSY,KTPA,5099
24523,KEWR,EHAM,5243
2404,EHAM,LEMG,3704
42824,EGLL,RJAA,4485
17651,LICC,LSZH,1887
67386,EDDS,EDDG,730
46596,KMCO,CYYZ,561
66078,KSLC,KSTL,5243
36026,KJFK,MPTO,5397
34980,TR-0043,LTCG,5530
18464,SBCT,SBBR,1580
40861,KLAX,KSJC,5450
13272,LFPG,ZSPD,1360
45576,LEMD,LEPA,3692
17867,ZUUU,ZHHH,929
5901,LEBL,EDDN,3783
60302,RKPK,ZSHC,933
15993,VCBI,WIII,69
54632,KORD,CYOW,561
46648,KMCO,KJFK,5418
44639,EGGW,LBSF,1656
70847,ZSJN,ZSAM,929
49812,KMSY,KJFK,1992
11378,KBWI,KJAX,5099
78739,LSZH,EDDT,1456
28894,SBGR,SBCF,408
56579,ZBAA,OMAA,1886
17417,ZGHA,ZUCK,909
10148,EBBR,GOOY,1533
46625,KMCO,KBNA,5099
24713,KEWR,ZSPD,5397
21088,UUDD,ULLI,3370
31750,VTSP,USSS,3370
68223,EDDB,EHAM,5400
23355,OMDB,CYYZ,4298
1240,LEMG,EGCC,1287
40264,KLAS,CYEG,5638
38561,ZPPP,ZHHH,4121
28781,SBGR,SBSG,398
202,DNAA,HAAB,1218
2169,DAAG,LOWW,13
65190,WSSS,LFPG,3519
26452,EDDF,EPKT,3122
22731,EDDL,EDDP,1481
25309,LIRF,LFPG,2114
12001,ZGGG,VTBS,2087
26276,ZSFZ,RKPC,929
15323,ZUCK,ZSHC,929
57376,LCPH,EGNM,4365
33983,OIIE,ESSA,1792
4467,KATL,KBNA,2884
56813,ZBAA,EDDF,1533
6491,SBBE,SBBR,408
28500,ESGG,EKCH,3910
56467,KPDX,KCLT,5638
33607,RKSI,RPLL,3105
42777,EGLL,EDDM,5638
42868,EGLL,EGAC,5638
20626,GOOY,GCLP,5638
62408,OERK,TR-0043,3459
8491,KBNA,KDFW,5418
12568,LFPG,KDFW,3704
28344,LIMJ,LIRN,3803
72790,KTYS,KLGA,5638
12234,VOCL,VOMM,615
57518,KPHL,KSEA,5638
66325,KSNA,KMSP,5243
60681,ZSPD,KDTW,5243
28474,ESGG,EDDM,1431
20261,KDFW,KPHL,5638
58451,KPIT,KLAX,5397
58881,LEPA,EDDV,1426
19897,KDEN,KSFO,5397
4312,KATL,KRSW,4592
52958,ZGNN,ZGKL,2884
5699,LEBL,GOOY,3783
6936,ORBI,OLBA,2165
77833,CYYC,KLAX,5243
19210,KDCA,KHOU,5099
13062,LFPG,KORD,4485
39731,ZUGY,ZUCK,4995
68685,YSSY,YMML,118
77393,CYUL,EBBR,676
52034,HKJK,VTBS,2087
25810,KFLL,TNCM,5154
43576,LPPT,CYYZ,676
67333,EDDS,LICC,1869
16067,KCMH,KORD,5638
73201,ZWWW,UAFM,909
21727,QA-0001,ORBI,3184
67873,UUEE,LHBP,3212
16917,EKCH,LIRF,3014
69011,ZGSZ,ZGKL,952
54220,KOKC,KLAS,5099
23105,OMDB,KBOS,4837
58464,KPIT,KMDW,5099
25838,KFLL,KPHX,5536
50205,EDDM,LTAC,1431
77873,CYYC,KSAN,698
61775,EVRA,EPWA,3122
52725,ZSNJ,ZPPP,896
72783,KTYS,KDCA,5638
45484,LEMD,KEWR,1431
47704,VMMC,RPLC,3105
70420,EETN,EHAM,1211
30359,EFHK,EGCC,1245
50091,EDDM,LDZA,1431
8955,LFBD,EHAM,2884
43048,EGLL,KJFK,1245
47283,YMML,ZSPD,2918
66072,KSLC,KRNO,5243
10361,EBBR,LEAL,335
15503,KCLE,KORD,5397
33528,RKSI,KSFO,5397
17427,ZGHA,ZUCK,912
23132,OMDB,OKBK,1609
27402,RJFF,RJGG,3059
71175,KTPA,KCMH,5243
15299,ZUCK,ZJHK,909
30459,EFHK,EKCH,3014
25540,LIRF,KJFK,1886
60919,MMPR,KATL,2530
23725,EGPH,EDDW,1825
22825,EDDL,EDDM,1533
14863,KCHS,KPHL,5418
5753,LEBL,EHAM,3783
21200,UUDD,RJAA,1984
76006,ZLXY,ZSWZ,909
36637,FAJS,LLBG,1851
59230,VDPP,VVTS,479
54714,KORD,KLGA,5418
39661,ZUGY,ZHHH,4995
54681,KORD,KDFW,5154
67148,EGSS,LFMN,4651
20964,LTBS,EDDL,1426
9462,KBOS,KBUF,5418
29444,UBBB,UUDD,3346
23247,OMDB,VRMM,4298
10968,LHBP,LPPT,3173
49893,MMMY,MPTO,3083
27779,EPGD,EDDF,1431
31854,MMHO,MMGL,5655
51202,LIMC,LATI,1887
47473,MMMX,KMIA,3704
72275,DTTA,GMMN,2802
61719,KRIC,KEWR,5397
12991,LFPG,EDDF,1533
25760,KFLL,KTPA,5536
60306,RKPK,ZSPD,896
35899,KJFK,LIMC,4298
74948,EPWA,UKBB,3122
74200,LOWW,EPWA,244
13639,LFPG,BIKF,2857
46127,EGCC,LLBG,4651
3296,ESSA,LEAL,3910
55750,ENGM,EBBR,335
13449,LFPG,GMMN,5400
46163,EGCC,LEMG,491
38783,RJFK,RJOO,1984
58814,LEPA,EGGW,5400
32590,VCRI,ZBAA,3824
31696,VTSP,RPLL,3105
44388,EGGP,LTFE,4651
31007,ZSHC,ZWWW,909
57814,KPHL,MWCR,5638
10690,LFSB,EPKK,4651
42029,EGKK,LTAI,5400
51232,LIMC,LCLK,4651
69204,ZGSZ,ZPPP,4121
55731,ENGM,EDDF,1218
27092,EDDF,VABB,1703
40613,KLAX,KMIA,5418
9086,EGHH,LEPA,1825
78687,LSZH,EDDN,3958
6169,LEBL,LIPZ,4026
63433,KSDF,KORD,5397
48899,RPLL,PH-0001,3104
71856,UACC,ULLI,2069
49151,LFML,EGLL,5638
41993,EGKK,LCLK,3014
35616,OEJN,FAJS,3459
20063,KDFW,KBWI,5418
26485,EDDF,DGAA,1533
55685,ENGM,EDDF,1431
43755,KLIT,KORD,5397
38445,ZPPP,ZSNJ,909
33719,RKSI,ZSPD,4791
32017,RJTT,RKSS,1984
21963,WADD,WSSS,1741
72069,ZBTJ,ZHCC,1394
42930,EGLL,ZSPD,933
20917,ZYTL,RKSI,4791
9492,KBOS,KMDW,5099
36438,FAOR,GOOY,3597
10311,EBBR,LPPR,1825
60418,ZSPD,ZLXY,911
66115,KSLC,KLAS,5099
58326,KPHX,KSNA,5638
65305,WSSS,ZGHA,3519
29658,EDDV,LTAI,1426
40477,KLAX,KDEN,5053
56955,ZBAA,KSEA,912
40270,KLAS,KRNO,5610
13236,LFPG,LKPR,2107
10120,EBBR,CYYZ,561
47880,KMHT,KLGA,5243
16131,GMMN,GOOY,2802
21073,UUDD,UWKD,3346
60453,ZSPD,KLAX,5397
24975,LPFR,EGGD,1825
32802,VOHS,VECC,1704
46475,KMCO,KSYR,4837
56151,UNNT,USSS,3166
53479,RJAA,VVTS,1953
67360,EDDS,EBBR,1481
75018,EPWA,EGLL,5638
6962,LIME,EHEH,1825
18016,ZUUU,ZSAM,929
22241,KDTW,KLGA,5154
51262,LIMC,ENGM,3910
32944,KIAD,EGCC,5397
72550,EDDT,EDDM,1431
52508,ZSNB,ZGHA,916
38858,EPKK,EGPH,1825
19644,KDEN,KLAX,5418
15809,KCLT,KVPS,5418
67723,UUEE,LICJ,1367
40286,KLAS,KMDW,5536
43526,LPPT,UUDD,3173
4499,KATL,KIND,5099
75969,ZLXY,ZSFZ,896
64863,WSSS,VTBS,2246
31567,VHHH,ZSSS,911
7566,LTFE,EGCC,491
74629,EYVI,EGSS,1825
75235,ZSWZ,ZPPP,952
32557,HEGN,EDDL,1433
52558,RJGG,EDDF,1533
2923,PANC,KORD,5397
12938,LFPG,LIRN,1886
8366,VOBL,VOCI,615
59794,LKPR,LIRF,3783
56815,ZBAA,ZSFZ,933
56666,ZBAA,EDDT,912
40387,KLAS,KTPA,5099
40398,KLAS,KCLT,5638
35937,KJFK,EDDF,5243
10759,LFSB,EDDM,3910
49656,UMMS,EDDF,312
54998,KORD,KMCO,5397
71537,ENVA,EVRA,3014
15523,KCLE,KRSW,5397
71393,RCTP,ZYTX,4020
23816,EGPH,EGAA,4651
35876,KJFK,KMSY,5243
10309,EBBR,LPPR,3173
22864,EDDL,RJAA,1431
26426,EDDF,RJBB,1953
51255,LIMC,EDDL,1887
35774,KJFK,KRIC,5243
3336,ESSA,EKCH,3014
2103,DAAG,OMDB,13
75032,EPWA,EBBR,3122
42586,EGLL,EGNM,4485
14203,WIII,VTBS,4048
20837,ZYTL,RJAA,1953
30647,ZBHH,ZSHC,933
42268,EGKK,EINN,1825
3493,LGAV,EGKK,5400
41476,ULLI,LIMC,3370
18423,KCVG,KRDU,5243
70418,EETN,ENVA,1211
36747,FAJS,VABB,1711
3765,KATL,KAUS,5536
21,EKYT,ENGM,4485
4168,KATL,KGRB,1360
75078,EPWA,EDDT,1456
48678,KMLI,KDFW,5638
74950,EPWA,EDDM,3122
21935,WADD,YPPH,184
48549,LMML,EGCC,4651
35896,KJFK,LIMC,5418
5558,OBBI,OLBA,279
63376,LEST,GCXO,3704
60419,ZSPD,ZGKL,16
74987,EPWA,UKBB,4813
56543,ZBAA,RJBB,933
46029,EGCC,LCPH,1825
52992,ZGNN,ZHHH,896
13646,LFPG,ZHHH,1360
16963,EKCH,ENGM,1431
5066,KAUS,KEWR,5099
60536,ZSPD,ZBAA,933
64874,WSSS,RCTP,3516
28330,LIMJ,EGKK,4485
62905,LTFJ,UBBB,4117
64399,ZSSS,ZGGG,886
26275,ZSFZ,ZJHK,933
43512,LPPT,SBBR,3173
50658,EDDM,LIPE,1533
45404,LEMD,SCEL,3704
45600,LEMD,LIRP,1825
11549,KCAE,KIAD,5397
11058,LHBP,EPWA,3122
6746,EGAA,EGGD,4651
56738,ZBAA,VRMM,912
21737,QA-0001,ZBAA,3184
57852,KPHL,KGSP,5638
31097,ZSHC,VVDN,5872
5148,KAUS,KJFK,4837
39240,UWWW,OMDW,4299
9088,EGHH,LEPA,1287
76142,ZSAM,ZSNJ,1394
27485,KFWA,KORD,5638
26547,EDDF,QA-0001,5418
71454,RCTP,WSSS,3516
31013,ZSHC,ZHHH,909
47427,MMMX,KLAX,5638
6381,LYBE,EHEH,1656
1936,LEAL,EGCC,4446
12931,LFPG,LIMC,5400
38065,RJBB,RJAA,1979
39642,ZUGY,ZPPP,947
36129,KJFK,KATL,1886
60590,ZSPD,EDDF,896
6686,OLBA,EDDF,1431
62953,LTFJ,QA-0001,3277
56794,ZBAA,ZSFZ,909
52969,ZGNN,ZLXY,4995
4252,KATL,KCID,2884
60185,MDPC,LEMD,5461
26436,EDDF,EDDW,1431
9503,KBOS,KMSP,5243
8187,LIPE,LIBD,1825
63347,LEST,LEBL,4026
44332,EGGP,LEMG,5400
16254,CMN,LFMN,2802
21622,QA-0001,EHAM,1360
12118,ZGGG,ZSWZ,912
3770,KATL,KLAX,1886
32489,ZYHB,RKSI,4791
22635,EIDW,LFBD,1824
18304,MMUN,KIND,5243
265,EGPD,EGGD,1728
4745,OMAA,EBBR,2154
42111,EGKK,LEBL,5400
15317,ZUCK,ZSPD,886
29758,ZJHK,ZSSS,16
25200,LIRF,EBBR,4026
3875,KATL,EGCC,2884
20460,KDFW,KDAY,5638
4942,OMAA,PK-0001,5865
42923,EGLL,KATL,2884
1681,NZAA,YBBN,186
12240,VOCL,OOMS,3044
40454,KLAS,KATL,5099
55516,LFPO,LIRP,4651
48665,VRMM,WSSS,3516
35729,KJFK,KLAX,5397
37149,UKBB,EPWA,3122
73722,LIPZ,LICC,3803
16178,CMN,HECA,1145
49574,KMSP,KSAN,5032
35456,OEJN,EGLL,4485
20895,ZYTL,ZSHC,922
15369,ZUCK,WSSS,3519
44044,DNMM,EGLL,4592
22536,EIDW,LFPG,1886
2834,EHAM,LIPZ,2884
52876,ZSNJ,ZLXY,929
65010,WSSS,RJAA,3522
74954,EPWA,LPPT,3173
29441,UBBB,ULLI,3346
44189,GCLP,EGNX,4365
66276,KSMF,KONT,5099
8522,KBNA,KEWR,5099
48072,KMIA,KSEA,5418
43615,LPPT,LIMC,5400
14294,EDDK,GCLP,1456
901,YPAD,YPPH,173
7271,EGBB,GCTS,1287
1260,LEMG,ESSA,3014
70609,LLBG,EBBR,335
348,DGAA,OMDB,4298
3794,KATL,KLFT,5243
4491,KATL,KIND,2884
33962,OIIE,OMAA,4300
73649,LIPZ,EDDL,1887
32956,KIAD,MMMX,5243
19200,KDCA,KSAN,5418
45688,LEMD,KJFK,1245
7686,VTBS,LOWW,4024
1934,LEAL,EGCC,1287
42244,EGKK,ENBR,5400
34925,TR-0043,URSS,4138
21328,UUDD,URRP,3375
26591,EDDF,EIDW,1431
14732,KCHA,KCLT,5638
10742,LFSB,LFPG,2884
15747,KCLT,KORF,5638
15656,KCLT,EIDW,5638
38582,ZPPP,ZGHA,4121
61594,VYYY,WSSS,3942
73589,LIPZ,OMDB,4298
33326,KIAH,KCRW,5397
19373,VIDP,YMML,1703
69771,GCTS,EGCC,4404
35941,KJFK,EDDF,1218
60260,RKPK,ZGGG,4791
75547,ZHHH,RCTP,909
6112,LEBL,KJFK,1245
7936,VTBS,RJTT,1984
32548,HEGN,EGKK,4410
32268,KHOU,KAUS,5536
6439,LYBE,EDDS,3484
64354,ZSSS,ZSWZ,945
41136,LCLK,EGKK,4446
5695,LEBL,EDDB,3014
70507,LFBO,LEMD,3704
66113,KSLC,KCLT,5243
58117,KPHX,KDEN,5397
30980,ZSHC,ZBAA,952
189,KABQ,KHOU,5099
68033,USSS,LIRF,3375
22302,KDTW,KTPA,5243
45560,LEMD,LROP,3692
6481,LYBE,LLBG,3484
23002,EDDL,LICC,1887
13588,LFPG,KJFK,5243
2436,EHAM,LEMG,4026
38840,EPKK,EGNM,1825
5390,LTAI,LSGG,3277
51311,LIMC,LICC,1869
58113,KPHX,MMHO,2530
3840,KATL,KBWI,5243
65409,KSJC,KPHX,5638
53790,EDDN,LTFJ,3277
16382,CMN,GCXO,2802
11846,ZGGG,WADD,909
5776,LEBL,LFLL,5400
56727,ZBAA,EGLL,4485
31085,ZSHC,ZGSZ,909
24851,SAEZ,SPIM,62
47270,YMML,NZWN,5865
11400,WBSB,WIII,1722
33559,RKSI,KLAS,5243
78840,LSZH,ULLI,3958
59929,LIRP,LKPR,1869
69098,ZGSZ,ZSNJ,909
2808,EHAM,FAJS,2884
54230,KOKC,KMDW,5536
65473,MMSD,KLAX,5418
40451,KLAS,KJFK,4965
43891,LJLJ,TR-0043,4138
31639,VHHH,ZLXY,896
71715,VOTV,OOMS,1711
48197,KMIA,KSEA,5638
74141,LOWW,TR-0043,244
18232,MMUN,LIRF,1854
9097,KBOI,KLAS,5610
11256,KBWI,KLAS,5099
44052,DNMM,LEMD,3704
20093,KDFW,KMCO,5154
4570,KATL,KDAY,5243
67633,ENZV,ENGM,3910
45205,VOMM,VOTV,1710
78826,LSZH,LEBL,3704
24612,KEWR,KMSY,1533
78714,LSZH,EDDF,1533
33190,KIAH,KMLU,5397
23362,OMDB,OERK,184
56326,KPBI,KLGA,5638
74062,LOWW,LDZA,1020
43291,SPIM,KLAX,1992
78642,LSZH,EBBR,335
23432,OMDB,OIIE,1794
58470,KPIT,KMSP,5243
7077,KBHM,KMCO,5099
20920,ZYTL,ZGHA,909
57534,KPHL,KDEN,5397
40041,ZGKL,RKSI,896
52818,ZSNJ,YSSY,896
58490,KPIT,KPHX,5638
66140,KSLC,KIAH,5397
48518,LMML,EGKK,2288
62749,KSAT,KSAN,5099
3133,ESSA,EDDT,1533
61593,VYYY,VVTS,5872
32438,ZYHB,ZHCC,933
64651,ZYTX,ZGGG,952
61971,KRNO,KLAS,5610
36146,KJFK,FAOR,5418
14556,ZHCC,ZSHC,4995
30335,EFHK,ULLI,3346
6391,LYBE,ESSA,3014
22591,EIDW,KATL,2884
38884,EPKK,EPGD,3129
45116,LFLL,GMMN,2803
40991,EGNM,LEPA,491
76195,ZSAM,ZGHA,912
9487,KBOS,KMCO,4837
61734,KRIC,KBOS,4837
51594,LIRN,EGGP,4651
60241,MDPC,KJFK,4837
75506,ZHHH,ZYTX,933
40012,ZGKL,ZUCK,916
50183,EDDM,LPPT,3173
55192,KORD,CYYC,5243
22640,EIDW,KJFK,5418
39722,ZUGY,ZJHK,4562
62189,KRSW,KSTL,5099
23011,EDDL,TR-0043,4138
55670,ENGM,LIRF,3014
6181,LEBL,CYYZ,676
7027,EGAC,EGKK,1824
47266,YMML,NZCH,186
15538,KCLE,KJFK,5418
71650,LIMF,LIRN,1887
75072,EPWA,EKCH,561
47422,MMMX,KLAX,5397
72236,DTTA,LFBO,4111
28801,SBGR,EDDF,1431
1971,LEAL,EGNT,5400
25839,KFLL,KPHX,5099
15485,KCLE,KMCO,5397
19123,KDCA,KSTL,5638
22466,EIDW,LHBP,1825
26704,EDDF,LIRF,1886
33674,RKSI,RJFF,3648
48499,LMML,EPKK,1825
75314,ZSWZ,ZLXY,909
76003,ZLXY,ZYTL,952
45077,LFLL,ESGG,1263
22685,FALE,FAOR,3597
64188,VVTS,WSSS,3522
70666,LLBG,LEBL,3704
70431,EETN,TR-0043,4138
75546,ZHHH,ZUUU,909
49406,KMSP,KDCA,5032
10294,EBBR,OLBA,2165
53036,ZGNN,ZSHC,909
44370,EGGP,LFMN,5400
68060,USSS,UBBB,3375
60626,ZSPD,EDDM,1431
46116,EGCC,LCPH,4446
50057,EDDM,UUEE,3212
32064,RJTT,ZSSS,896
58447,KPIT,KMCO,5099
13711,RPVM,RPMD,3105
25521,LIRF,LFBD,1263
65381,WSSS,VVDN,3519
52471,ZSNB,ZJSY,922
68582,YSSY,VHHH,184
40488,KLAX,KDFW,5450
48124,KMIA,MWCR,826
78008,CYYZ,ZBAA,561
49809,KMSY,KATL,1886
13480,LFPG,KIAD,5397
3586,LGAV,LFPO,5400
24306,LTAC,LTBJ,4117
42852,EGLL,UUEE,3212
34845,TR-0043,LFBO,4138
63830,KSFB,KROA,5610
30348,EFHK,LPPT,1245
60133,MPTO,SKBO,3083
16879,EKCH,HECA,3910
42699,EGLL,LEMD,3704
49861,MMMY,KDTW,5243
22608,EIDW,CYYZ,1824
73954,LOWW,KIAD,244
33801,RKSI,ZGHA,4791
22909,EDDL,ESGG,1431
20882,ZYTL,ZSPD,911
2276,OJAI,OBBI,2000
41776,KLGA,KSTL,5099
68800,ZJSY,ZGNN,1958
46092,EGCC,KEWR,1533
29806,ZJHK,ZUCK,922
30620,LGIR,LLBG,1575
63440,KSDF,KJFK,5243
65846,LGTS,EDDK,1481
52451,ZSNB,ZHHH,909
26539,EDDF,EGLL,1456
25253,LIRF,EGGW,4446
23160,OMDB,EGKK,4298
5556,OBBI,RPLL,279
28109,EGPF,EGKK,5400
23057,OMDW,OKBK,1609
58928,LEPA,ESGG,3910
7068,KBHM,KDEN,5397
52233,LFMN,EBBR,335
33572,RKSI,ZYTL,4791
27964,SBGL,SBFL,398
77379,CYUL,CMN,2802
33238,KIAH,KORF,5397
7850,VTBS,RJFF,4048
14877,KCHS,KJFK,4837
25884,KFLL,EKCH,3014
10394,EBBR,LGIR,1575
57830,KPHL,KIAH,5418
48654,VRMM,VCBI,3044
12097,ZGGG,VVDN,5872
6540,SBBE,SBGR,473
75069,EPWA,LLBG,1851
60669,ZSPD,ZJSY,945
28352,LIMJ,LICJ,3464
50494,EDDM,EDDF,1533
14225,WIII,WSSS,3519
54960,KORD,KFWA,5638
34450,OPRN,OMAA,3064
25905,KFLL,CYYZ,561
22956,EDDL,LEAL,1456
14725,KCHA,KDFW,5418
77629,CYVR,KIAH,5397
34638,TR-0043,KIAD,5418
48409,KMKE,KLGA,5243
14118,WIII,WADD,1738
53468,RJAA,KSEA,5397
49988,EDDM,EDDW,1533
67358,EDDS,LTBJ,4131
3510,LGAV,LFLL,1287
76069,ZSAM,RCKH,4019
74179,LOWW,QA-0001,3184
24788,KEWR,LLBG,1851
70571,LFBO,EDDW,1728
55269,EICK,EPGD,1825
5531,OBBI,QA-0001,3184
77905,CYYC,CYVR,561
2716,EHAM,EVRA,2154
55035,KORD,RJAA,5418
30551,LGIR,LFPG,1575
2349,OJAI,OEJN,2000
45339,LEMD,LEPA,1825
68358,TNCM,LFPO,1335
71705,VOTV,VOBL,1709
50777,EDDM,EPPO,3122
5685,LEBL,EGGD,5400
62114,URRP,USSS,3212
55106,KORD,KATL,1431
47193,YMML,ZGGG,909
42770,EGLL,LFPG,1360
51209,LIMC,UMMS,312
7161,EGBB,GCLP,4446
9871,LIBD,LICC,1854
64977,WSSS,VOMM,1704
41570,ULLI,LOWW,244
23800,EGPH,LIMC,5400
19751,KDEN,KMSY,5397
18950,KDAY,KMSP,5243
9140,VABB,VIDP,1711
29395,LSGG,LICC,4651
13058,LFPG,DNAA,5243
21898,WADD,YMML,5865
73360,ZWWW,ZGGG,909
56449,KPDX,KDEN,5397
61460,VDSR,RKPK,3020
49559,KMSP,KCLE,5243
51780,SBSG,SBGR,408
41781,KLGA,KSTL,5243
17062,EKCH,LBBG,3014
24656,KEWR,LPPR,5418
63249,SCEL,MMMX,853
38405,ZPPP,ZLXY,922
62810,KSAV,KATL,1360
51101,LIMC,LEMG,4651
15218,ZUCK,YSSY,922
2523,EHAM,LEBL,896
27444,RJFF,RJTT,1967
27445,RJFF,PHNL,5243
8464,KBMI,KATL,2884
27431,RJFF,ZSPD,896
75469,ZHHH,ZGSZ,952
66934,KSTL,KDTW,5099
54991,KORD,KMSY,5418
11077,KBUF,KEWR,5397
68728,KSYR,KCLE,5397
65215,WSSS,YPPH,3522
60554,ZSPD,YMML,933
27651,MMGL,KDFW,5418
32584,HEGN,LSZH,3976
22974,EDDL,EDDS,1456
35891,KJFK,LIRF,4485
63633,KSEA,KDEN,5053
38764,RJFK,RJTT,1953
12608,LFPG,LFSB,1360
48551,LMML,LEBL,3704
3820,KATL,EGLL,1360
22571,EIDW,CYYZ,676
49194,LFML,LIMC,1886
70741,LLBG,EHAM,1839
2393,EHAM,RJBB,2884
55649,ENGM,LEBL,3704
32274,KHOU,KLGA,5099
25288,LIRF,SVMI,1886
48115,KMIA,UUEE,3212
38557,ZPPP,VTSP,896
7853,VTBS,WIII,1740
31275,VHHH,VIDP,4300
56676,ZBAA,RJTT,1984
55709,ENGM,LFPG,1360
9002,SKBO,SVMI,3083
19936,KDEN,KSNA,5099
19636,KDEN,KAUS,5053
58183,KPHX,KRNO,5418
63925,KSFO,KSAN,5397
39016,HSSS,HKJK,2087
